--
-- PostgreSQL database dump
--

-- Dumped from database version 9.1.6
-- Dumped by pg_dump version 9.1.6
-- Started on 2013-08-23 16:51:55

SET statement_timeout = 0;
SET client_encoding = 'UTF8';
SET standard_conforming_strings = on;
SET check_function_bodies = false;
SET client_min_messages = warning;

--
-- TOC entry 220 (class 3079 OID 11639)
-- Name: plpgsql; Type: EXTENSION; Schema: -; Owner: 
--

CREATE EXTENSION IF NOT EXISTS plpgsql WITH SCHEMA pg_catalog;


--
-- TOC entry 2284 (class 0 OID 0)
-- Dependencies: 220
-- Name: EXTENSION plpgsql; Type: COMMENT; Schema: -; Owner: 
--

COMMENT ON EXTENSION plpgsql IS 'PL/pgSQL procedural language';


SET search_path = public, pg_catalog;

--
-- TOC entry 232 (class 1255 OID 148697)
-- Dependencies: 6 680
-- Name: initcalendar(date, date); Type: FUNCTION; Schema: public; Owner: postgres
--

CREATE FUNCTION initcalendar(startdt date, stopdt date) RETURNS boolean
    LANGUAGE plpgsql
    AS $$
begin
 insert into calendar(caldate, "month", month_txt, "year")
 WITH RECURSIVE t(n) AS (
   VALUES (startdt)
   UNION ALL
   SELECT n + 1 FROM t WHERE n < stopdt
   )
  SELECT n caldate, 
   extract(MONTH FROM n) "month",
   to_char(n, 'TMMonth') month_txt,
   extract(YEAR FROM n) "year"
  FROM t;
  
 insert into holiday(id, caldate, region)
 WITH RECURSIVE t(n) AS (
   VALUES (startdt)
   UNION ALL
   SELECT n + 1 FROM t WHERE n < stopdt
   )
  SELECT nextval('holiday_seq') as id,
   n caldate,
   null region
  FROM t
  WHERE EXTRACT(ISODOW FROM n) in (6,7);
 return true;
end;
$$;


ALTER FUNCTION public.initcalendar(startdt date, stopdt date) OWNER TO postgres;

--
-- TOC entry 161 (class 1259 OID 148698)
-- Dependencies: 6
-- Name: avail_act_cat_seq; Type: SEQUENCE; Schema: public; Owner: postgres
--

CREATE SEQUENCE avail_act_cat_seq
    START WITH 198
    INCREMENT BY 1
    NO MINVALUE
    NO MAXVALUE
    CACHE 1;


ALTER TABLE public.avail_act_cat_seq OWNER TO postgres;

--
-- TOC entry 2285 (class 0 OID 0)
-- Dependencies: 161
-- Name: avail_act_cat_seq; Type: SEQUENCE SET; Schema: public; Owner: postgres
--

SELECT pg_catalog.setval('avail_act_cat_seq', 281, true);


SET default_tablespace = '';

SET default_with_oids = false;

--
-- TOC entry 162 (class 1259 OID 148700)
-- Dependencies: 2043 6
-- Name: available_activity_category; Type: TABLE; Schema: public; Owner: postgres; Tablespace: 
--

CREATE TABLE available_activity_category (
    id integer DEFAULT nextval('avail_act_cat_seq'::regclass) NOT NULL,
    act_cat integer NOT NULL,
    act_type integer NOT NULL,
    project_role integer NOT NULL,
    description character varying(255)
);


ALTER TABLE public.available_activity_category OWNER TO postgres;

--
-- TOC entry 163 (class 1259 OID 148704)
-- Dependencies: 6
-- Name: business_trip_seq; Type: SEQUENCE; Schema: public; Owner: postgres
--

CREATE SEQUENCE business_trip_seq
    START WITH 1
    INCREMENT BY 1
    NO MINVALUE
    NO MAXVALUE
    CACHE 1;


ALTER TABLE public.business_trip_seq OWNER TO postgres;

--
-- TOC entry 2286 (class 0 OID 0)
-- Dependencies: 163
-- Name: business_trip_seq; Type: SEQUENCE SET; Schema: public; Owner: postgres
--

SELECT pg_catalog.setval('business_trip_seq', 1, false);


--
-- TOC entry 164 (class 1259 OID 148706)
-- Dependencies: 2044 6
-- Name: business_trip; Type: TABLE; Schema: public; Owner: postgres; Tablespace: 
--

CREATE TABLE business_trip (
    id integer DEFAULT nextval('business_trip_seq'::regclass) NOT NULL,
    employee_id integer NOT NULL,
    begin_date date NOT NULL,
    end_date date NOT NULL,
    type_id integer NOT NULL,
    project_id integer,
    comment character varying(200)
);


ALTER TABLE public.business_trip OWNER TO postgres;

--
-- TOC entry 165 (class 1259 OID 148710)
-- Dependencies: 6
-- Name: calendar; Type: TABLE; Schema: public; Owner: postgres; Tablespace: 
--

CREATE TABLE calendar (
    caldate date NOT NULL,
    month integer NOT NULL,
    month_txt character varying(10) NOT NULL,
    year integer NOT NULL
);


ALTER TABLE public.calendar OWNER TO postgres;

--
-- TOC entry 166 (class 1259 OID 148713)
-- Dependencies: 6
-- Name: emp_seq; Type: SEQUENCE; Schema: public; Owner: postgres
--

CREATE SEQUENCE emp_seq
    START WITH 1
    INCREMENT BY 1
    NO MINVALUE
    NO MAXVALUE
    CACHE 1;


ALTER TABLE public.emp_seq OWNER TO postgres;

--
-- TOC entry 2287 (class 0 OID 0)
-- Dependencies: 166
-- Name: emp_seq; Type: SEQUENCE SET; Schema: public; Owner: postgres
--

SELECT pg_catalog.setval('emp_seq', 63, true);


--
-- TOC entry 167 (class 1259 OID 148715)
-- Dependencies: 2045 2046 2047 2048 2049 2050 6
-- Name: employee; Type: TABLE; Schema: public; Owner: postgres; Tablespace: 
--

CREATE TABLE employee (
    id integer DEFAULT nextval('emp_seq'::regclass) NOT NULL,
    archived boolean DEFAULT false NOT NULL,
    email character varying(50) NOT NULL,
    name character varying(255) NOT NULL,
    not_to_sync boolean DEFAULT false NOT NULL,
    start_date date NOT NULL,
    division integer NOT NULL,
    job integer NOT NULL,
    manager integer,
    region integer DEFAULT 1 NOT NULL,
    ldap character varying(255),
    end_date date,
    ldap_object_sid character varying(50),
    job_rate double precision DEFAULT 1,
    manager2 integer,
    billable boolean DEFAULT true NOT NULL
);


ALTER TABLE public.employee OWNER TO postgres;

--
-- TOC entry 168 (class 1259 OID 148727)
-- Dependencies: 2040 6
-- Name: department; Type: VIEW; Schema: public; Owner: postgres
--

CREATE VIEW department AS
    SELECT d.id, d.name, d.manager FROM employee d WHERE (EXISTS (SELECT 1 FROM employee e WHERE (e.manager = d.id)));


ALTER TABLE public.department OWNER TO postgres;

--
-- TOC entry 169 (class 1259 OID 148731)
-- Dependencies: 6
-- Name: dictionary; Type: TABLE; Schema: public; Owner: postgres; Tablespace: 
--

CREATE TABLE dictionary (
    id integer NOT NULL,
    name character varying(255) NOT NULL
);


ALTER TABLE public.dictionary OWNER TO postgres;

--
-- TOC entry 170 (class 1259 OID 148734)
-- Dependencies: 6
-- Name: dictionary_item; Type: TABLE; Schema: public; Owner: postgres; Tablespace: 
--

CREATE TABLE dictionary_item (
    id integer NOT NULL,
    value character varying(255) NOT NULL,
    dict_id integer NOT NULL
);


ALTER TABLE public.dictionary_item OWNER TO postgres;

--
-- TOC entry 171 (class 1259 OID 148737)
-- Dependencies: 2051 2052 6
-- Name: division; Type: TABLE; Schema: public; Owner: postgres; Tablespace: 
--

CREATE TABLE division (
    id integer NOT NULL,
    active boolean DEFAULT true NOT NULL,
    ldap_name character varying(255) NOT NULL,
    leader character varying(100),
    name character varying(255) NOT NULL,
    leader_id integer,
    ldap_object_sid character varying(50),
    not_to_sync boolean,
    department_name character varying(255),
    sync_employee boolean,
    ischeck boolean DEFAULT true NOT NULL,
    email character varying(255),
    plans_required boolean,
    vacation_email character varying(255)
);


ALTER TABLE public.division OWNER TO postgres;

--
-- TOC entry 172 (class 1259 OID 148745)
-- Dependencies: 6
-- Name: division_project; Type: TABLE; Schema: public; Owner: postgres; Tablespace: 
--

CREATE TABLE division_project (
    division_id integer NOT NULL,
    project_id integer NOT NULL
);


ALTER TABLE public.division_project OWNER TO postgres;

--
-- TOC entry 173 (class 1259 OID 148748)
-- Dependencies: 6
-- Name: eivn_seq; Type: SEQUENCE; Schema: public; Owner: postgres
--

CREATE SEQUENCE eivn_seq
    START WITH 1
    INCREMENT BY 1
    NO MINVALUE
    NO MAXVALUE
    CACHE 1;


ALTER TABLE public.eivn_seq OWNER TO postgres;

--
-- TOC entry 2288 (class 0 OID 0)
-- Dependencies: 173
-- Name: eivn_seq; Type: SEQUENCE SET; Schema: public; Owner: postgres
--

SELECT pg_catalog.setval('eivn_seq', 1, false);


--
-- TOC entry 174 (class 1259 OID 148750)
-- Dependencies: 6
-- Name: empinvl_seq; Type: SEQUENCE; Schema: public; Owner: postgres
--

CREATE SEQUENCE empinvl_seq
    START WITH 1
    INCREMENT BY 1
    NO MINVALUE
    NO MAXVALUE
    CACHE 1;


ALTER TABLE public.empinvl_seq OWNER TO postgres;

--
-- TOC entry 2289 (class 0 OID 0)
-- Dependencies: 174
-- Name: empinvl_seq; Type: SEQUENCE SET; Schema: public; Owner: postgres
--

SELECT pg_catalog.setval('empinvl_seq', 1, false);


--
-- TOC entry 175 (class 1259 OID 148752)
-- Dependencies: 6
-- Name: empl_permissions_seq; Type: SEQUENCE; Schema: public; Owner: postgres
--

CREATE SEQUENCE empl_permissions_seq
    START WITH 1
    INCREMENT BY 1
    NO MINVALUE
    NO MAXVALUE
    CACHE 1;


ALTER TABLE public.empl_permissions_seq OWNER TO postgres;

--
-- TOC entry 2290 (class 0 OID 0)
-- Dependencies: 175
-- Name: empl_permissions_seq; Type: SEQUENCE SET; Schema: public; Owner: postgres
--

SELECT pg_catalog.setval('empl_permissions_seq', 13, true);


--
-- TOC entry 176 (class 1259 OID 148754)
-- Dependencies: 6
-- Name: empl_plan_seq; Type: SEQUENCE; Schema: public; Owner: postgres
--

CREATE SEQUENCE empl_plan_seq
    START WITH 6733
    INCREMENT BY 1
    NO MINVALUE
    NO MAXVALUE
    CACHE 1;


ALTER TABLE public.empl_plan_seq OWNER TO postgres;

--
-- TOC entry 2291 (class 0 OID 0)
-- Dependencies: 176
-- Name: empl_plan_seq; Type: SEQUENCE SET; Schema: public; Owner: postgres
--

SELECT pg_catalog.setval('empl_plan_seq', 6733, false);


--
-- TOC entry 177 (class 1259 OID 148756)
-- Dependencies: 6
-- Name: empl_prj_plan_seq; Type: SEQUENCE; Schema: public; Owner: postgres
--

CREATE SEQUENCE empl_prj_plan_seq
    START WITH 6733
    INCREMENT BY 1
    NO MINVALUE
    NO MAXVALUE
    CACHE 1;


ALTER TABLE public.empl_prj_plan_seq OWNER TO postgres;

--
-- TOC entry 2292 (class 0 OID 0)
-- Dependencies: 177
-- Name: empl_prj_plan_seq; Type: SEQUENCE SET; Schema: public; Owner: postgres
--

SELECT pg_catalog.setval('empl_prj_plan_seq', 6733, false);


--
-- TOC entry 178 (class 1259 OID 148758)
-- Dependencies: 6
-- Name: employee_assistant_seq; Type: SEQUENCE; Schema: public; Owner: postgres
--

CREATE SEQUENCE employee_assistant_seq
    START WITH 1
    INCREMENT BY 1
    NO MINVALUE
    NO MAXVALUE
    CACHE 1;


ALTER TABLE public.employee_assistant_seq OWNER TO postgres;

--
-- TOC entry 2293 (class 0 OID 0)
-- Dependencies: 178
-- Name: employee_assistant_seq; Type: SEQUENCE SET; Schema: public; Owner: postgres
--

SELECT pg_catalog.setval('employee_assistant_seq', 1, false);


--
-- TOC entry 179 (class 1259 OID 148760)
-- Dependencies: 2053 6
-- Name: employee_assistant; Type: TABLE; Schema: public; Owner: postgres; Tablespace: 
--

CREATE TABLE employee_assistant (
    id integer DEFAULT nextval('employee_assistant_seq'::regclass) NOT NULL,
    employee_id integer NOT NULL,
    assistant_id integer NOT NULL
);


ALTER TABLE public.employee_assistant OWNER TO postgres;

--
-- TOC entry 180 (class 1259 OID 148764)
-- Dependencies: 2041 6
-- Name: employee_d; Type: VIEW; Schema: public; Owner: postgres
--

CREATE VIEW employee_d AS
    SELECT e.id, e.name, e.job, CASE WHEN (EXISTS (SELECT 1 FROM department d WHERE (d.id = e.id))) THEN e.id ELSE e.manager END AS dept FROM employee e;


ALTER TABLE public.employee_d OWNER TO postgres;

--
-- TOC entry 181 (class 1259 OID 148768)
-- Dependencies: 2054 6
-- Name: employee_involved; Type: TABLE; Schema: public; Owner: postgres; Tablespace: 
--

CREATE TABLE employee_involved (
    id integer DEFAULT nextval('empinvl_seq'::regclass) NOT NULL,
    percent_of_involving integer,
    period_of_involving character varying(255),
    employee integer NOT NULL,
    project integer NOT NULL
);


ALTER TABLE public.employee_involved OWNER TO postgres;

--
-- TOC entry 182 (class 1259 OID 148772)
-- Dependencies: 2055 6
-- Name: employee_permissions; Type: TABLE; Schema: public; Owner: postgres; Tablespace: 
--

CREATE TABLE employee_permissions (
    id integer DEFAULT nextval('empl_permissions_seq'::regclass) NOT NULL,
    permission_id integer NOT NULL,
    employee_id integer NOT NULL
);


ALTER TABLE public.employee_permissions OWNER TO postgres;

--
-- TOC entry 183 (class 1259 OID 148776)
-- Dependencies: 2056 6
-- Name: employee_plan; Type: TABLE; Schema: public; Owner: postgres; Tablespace: 
--

CREATE TABLE employee_plan (
    id integer DEFAULT nextval('empl_plan_seq'::regclass) NOT NULL,
    employee_id integer NOT NULL,
    item_id integer NOT NULL,
    year integer NOT NULL,
    month integer NOT NULL,
    value double precision NOT NULL
);


ALTER TABLE public.employee_plan OWNER TO postgres;

--
-- TOC entry 184 (class 1259 OID 148780)
-- Dependencies: 6
-- Name: employee_project_billable; Type: TABLE; Schema: public; Owner: postgres; Tablespace: 
--

CREATE TABLE employee_project_billable (
    id integer NOT NULL,
    billable boolean NOT NULL,
    employee_id integer NOT NULL,
    project_id integer NOT NULL
);


ALTER TABLE public.employee_project_billable OWNER TO postgres;

--
-- TOC entry 185 (class 1259 OID 148783)
-- Dependencies: 2057 6
-- Name: employee_project_plan; Type: TABLE; Schema: public; Owner: postgres; Tablespace: 
--

CREATE TABLE employee_project_plan (
    id integer DEFAULT nextval('empl_prj_plan_seq'::regclass) NOT NULL,
    employee_id integer NOT NULL,
    project_id integer NOT NULL,
    year integer NOT NULL,
    month integer NOT NULL,
    value double precision NOT NULL
);


ALTER TABLE public.employee_project_plan OWNER TO postgres;

--
-- TOC entry 186 (class 1259 OID 148787)
-- Dependencies: 6
-- Name: employee_token; Type: TABLE; Schema: public; Owner: postgres; Tablespace: 
--

CREATE TABLE employee_token (
    key text NOT NULL,
    employee_id integer NOT NULL
);


ALTER TABLE public.employee_token OWNER TO postgres;

--
-- TOC entry 187 (class 1259 OID 148793)
-- Dependencies: 6
-- Name: time_sheet_seq; Type: SEQUENCE; Schema: public; Owner: postgres
--

CREATE SEQUENCE time_sheet_seq
    START WITH 1
    INCREMENT BY 1
    NO MINVALUE
    NO MAXVALUE
    CACHE 1;


ALTER TABLE public.time_sheet_seq OWNER TO postgres;

--
-- TOC entry 2294 (class 0 OID 0)
-- Dependencies: 187
-- Name: time_sheet_seq; Type: SEQUENCE SET; Schema: public; Owner: postgres
--

SELECT pg_catalog.setval('time_sheet_seq', 2396, true);


--
-- TOC entry 188 (class 1259 OID 148795)
-- Dependencies: 2058 6
-- Name: time_sheet; Type: TABLE; Schema: public; Owner: postgres; Tablespace: 
--

CREATE TABLE time_sheet (
    id numeric(10,0) DEFAULT nextval('time_sheet_seq'::regclass) NOT NULL,
    plan text,
    caldate date NOT NULL,
    emp_id integer NOT NULL,
    state integer,
    creation_date date,
    effort_id integer NOT NULL
);


ALTER TABLE public.time_sheet OWNER TO postgres;

--
-- TOC entry 2295 (class 0 OID 0)
-- Dependencies: 188
-- Name: COLUMN time_sheet.effort_id; Type: COMMENT; Schema: public; Owner: postgres
--

COMMENT ON COLUMN time_sheet.effort_id IS 'Оценка усилий на следующий рабочий день';


--
-- TOC entry 189 (class 1259 OID 148802)
-- Dependencies: 6
-- Name: time_sheet_detail_seq; Type: SEQUENCE; Schema: public; Owner: postgres
--

CREATE SEQUENCE time_sheet_detail_seq
    START WITH 1
    INCREMENT BY 1
    NO MINVALUE
    NO MAXVALUE
    CACHE 1;


ALTER TABLE public.time_sheet_detail_seq OWNER TO postgres;

--
-- TOC entry 2296 (class 0 OID 0)
-- Dependencies: 189
-- Name: time_sheet_detail_seq; Type: SEQUENCE SET; Schema: public; Owner: postgres
--

SELECT pg_catalog.setval('time_sheet_detail_seq', 3378, true);


--
-- TOC entry 190 (class 1259 OID 148804)
-- Dependencies: 2059 6
-- Name: time_sheet_detail; Type: TABLE; Schema: public; Owner: postgres; Tablespace: 
--

CREATE TABLE time_sheet_detail (
    id numeric(10,0) DEFAULT nextval('time_sheet_detail_seq'::regclass) NOT NULL,
    cq_id character varying(255),
    description text,
    duration numeric(3,1),
    other character varying(255),
    problem text,
    act_cat integer,
    act_type integer,
    proj_id integer,
    time_sheet_id numeric(10,0) NOT NULL,
    workplace_id integer,
    projectrole_id integer,
    task_id integer
);


ALTER TABLE public.time_sheet_detail OWNER TO postgres;

--
-- TOC entry 191 (class 1259 OID 148811)
-- Dependencies: 2042 6
-- Name: fact_view; Type: VIEW; Schema: public; Owner: postgres
--

CREATE VIEW fact_view AS
    SELECT t.emp_id, t.caldate, COALESCE(NULLIF(btrim((d.cq_id)::text), ''::text), 'Пусто'::text) AS cq_id, d.proj_id, d.act_type, d.duration FROM (time_sheet t JOIN time_sheet_detail d ON ((d.time_sheet_id = t.id)));


ALTER TABLE public.fact_view OWNER TO postgres;

--
-- TOC entry 192 (class 1259 OID 148815)
-- Dependencies: 6
-- Name: hibernate_sequence; Type: SEQUENCE; Schema: public; Owner: postgres
--

CREATE SEQUENCE hibernate_sequence
    START WITH 1
    INCREMENT BY 1
    NO MINVALUE
    NO MAXVALUE
    CACHE 1;


ALTER TABLE public.hibernate_sequence OWNER TO postgres;

--
-- TOC entry 2297 (class 0 OID 0)
-- Dependencies: 192
-- Name: hibernate_sequence; Type: SEQUENCE SET; Schema: public; Owner: postgres
--

SELECT pg_catalog.setval('hibernate_sequence', 5085, true);


--
-- TOC entry 193 (class 1259 OID 148817)
-- Dependencies: 6
-- Name: holiday_seq; Type: SEQUENCE; Schema: public; Owner: postgres
--

CREATE SEQUENCE holiday_seq
    START WITH 250
    INCREMENT BY 1
    NO MINVALUE
    NO MAXVALUE
    CACHE 20;


ALTER TABLE public.holiday_seq OWNER TO postgres;

--
-- TOC entry 2298 (class 0 OID 0)
-- Dependencies: 193
-- Name: holiday_seq; Type: SEQUENCE SET; Schema: public; Owner: postgres
--

SELECT pg_catalog.setval('holiday_seq', 469, true);


--
-- TOC entry 194 (class 1259 OID 148819)
-- Dependencies: 2060 6
-- Name: holiday; Type: TABLE; Schema: public; Owner: postgres; Tablespace: 
--

CREATE TABLE holiday (
    id numeric(10,0) DEFAULT nextval('holiday_seq'::regclass) NOT NULL,
    caldate date NOT NULL,
    region integer
);


ALTER TABLE public.holiday OWNER TO postgres;

--
-- TOC entry 195 (class 1259 OID 148823)
-- Dependencies: 6
-- Name: illness_seq; Type: SEQUENCE; Schema: public; Owner: postgres
--

CREATE SEQUENCE illness_seq
    START WITH 1
    INCREMENT BY 1
    NO MINVALUE
    NO MAXVALUE
    CACHE 1;


ALTER TABLE public.illness_seq OWNER TO postgres;

--
-- TOC entry 2299 (class 0 OID 0)
-- Dependencies: 195
-- Name: illness_seq; Type: SEQUENCE SET; Schema: public; Owner: postgres
--

SELECT pg_catalog.setval('illness_seq', 1, true);


--
-- TOC entry 196 (class 1259 OID 148825)
-- Dependencies: 2061 6
-- Name: illness; Type: TABLE; Schema: public; Owner: postgres; Tablespace: 
--

CREATE TABLE illness (
    id integer DEFAULT nextval('illness_seq'::regclass) NOT NULL,
    employee_id integer NOT NULL,
    begin_date date NOT NULL,
    end_date date NOT NULL,
    reason_id integer NOT NULL,
    comment character varying(200)
);


ALTER TABLE public.illness OWNER TO postgres;

--
-- TOC entry 197 (class 1259 OID 148829)
-- Dependencies: 6
-- Name: manager_seq; Type: SEQUENCE; Schema: public; Owner: postgres
--

CREATE SEQUENCE manager_seq
    START WITH 1
    INCREMENT BY 1
    NO MINVALUE
    NO MAXVALUE
    CACHE 1;


ALTER TABLE public.manager_seq OWNER TO postgres;

--
-- TOC entry 2300 (class 0 OID 0)
-- Dependencies: 197
-- Name: manager_seq; Type: SEQUENCE SET; Schema: public; Owner: postgres
--

SELECT pg_catalog.setval('manager_seq', 1, false);


--
-- TOC entry 198 (class 1259 OID 148831)
-- Dependencies: 2062 6
-- Name: manager; Type: TABLE; Schema: public; Owner: postgres; Tablespace: 
--

CREATE TABLE manager (
    id integer DEFAULT nextval('manager_seq'::regclass) NOT NULL,
    division_id integer NOT NULL,
    employee_id integer NOT NULL,
    region_id integer NOT NULL
);


ALTER TABLE public.manager OWNER TO postgres;

--
-- TOC entry 199 (class 1259 OID 148835)
-- Dependencies: 6
-- Name: overtime_cause_seq; Type: SEQUENCE; Schema: public; Owner: postgres
--

CREATE SEQUENCE overtime_cause_seq
    START WITH 1
    INCREMENT BY 1
    NO MINVALUE
    NO MAXVALUE
    CACHE 1;


ALTER TABLE public.overtime_cause_seq OWNER TO postgres;

--
-- TOC entry 2301 (class 0 OID 0)
-- Dependencies: 199
-- Name: overtime_cause_seq; Type: SEQUENCE SET; Schema: public; Owner: postgres
--

SELECT pg_catalog.setval('overtime_cause_seq', 3, true);


--
-- TOC entry 200 (class 1259 OID 148837)
-- Dependencies: 2063 6
-- Name: overtime_cause; Type: TABLE; Schema: public; Owner: postgres; Tablespace: 
--

CREATE TABLE overtime_cause (
    id integer DEFAULT nextval('overtime_cause_seq'::regclass) NOT NULL,
    timesheet_id integer NOT NULL,
    overtime_cause_id integer NOT NULL,
    comment character varying(256),
    compensation_id integer
);


ALTER TABLE public.overtime_cause OWNER TO postgres;

--
-- TOC entry 201 (class 1259 OID 148841)
-- Dependencies: 6
-- Name: permission; Type: TABLE; Schema: public; Owner: postgres; Tablespace: 
--

CREATE TABLE permission (
    id integer NOT NULL,
    name character(50) NOT NULL
);


ALTER TABLE public.permission OWNER TO postgres;

--
-- TOC entry 202 (class 1259 OID 148844)
-- Dependencies: 6
-- Name: proj_part_seq; Type: SEQUENCE; Schema: public; Owner: postgres
--

CREATE SEQUENCE proj_part_seq
    START WITH 1
    INCREMENT BY 1
    NO MINVALUE
    NO MAXVALUE
    CACHE 1;


ALTER TABLE public.proj_part_seq OWNER TO postgres;

--
-- TOC entry 2302 (class 0 OID 0)
-- Dependencies: 202
-- Name: proj_part_seq; Type: SEQUENCE SET; Schema: public; Owner: postgres
--

SELECT pg_catalog.setval('proj_part_seq', 10, true);


--
-- TOC entry 203 (class 1259 OID 148846)
-- Dependencies: 6
-- Name: proj_role_permissions_seq; Type: SEQUENCE; Schema: public; Owner: postgres
--

CREATE SEQUENCE proj_role_permissions_seq
    START WITH 1
    INCREMENT BY 1
    NO MINVALUE
    NO MAXVALUE
    CACHE 1;


ALTER TABLE public.proj_role_permissions_seq OWNER TO postgres;

--
-- TOC entry 2303 (class 0 OID 0)
-- Dependencies: 203
-- Name: proj_role_permissions_seq; Type: SEQUENCE SET; Schema: public; Owner: postgres
--

SELECT pg_catalog.setval('proj_role_permissions_seq', 11, true);


--
-- TOC entry 204 (class 1259 OID 148848)
-- Dependencies: 6
-- Name: proj_task_seq; Type: SEQUENCE; Schema: public; Owner: postgres
--

CREATE SEQUENCE proj_task_seq
    START WITH 1
    INCREMENT BY 1
    NO MINVALUE
    NO MAXVALUE
    CACHE 1;


ALTER TABLE public.proj_task_seq OWNER TO postgres;

--
-- TOC entry 2304 (class 0 OID 0)
-- Dependencies: 204
-- Name: proj_task_seq; Type: SEQUENCE SET; Schema: public; Owner: postgres
--

SELECT pg_catalog.setval('proj_task_seq', 1, false);


--
-- TOC entry 205 (class 1259 OID 148850)
-- Dependencies: 6
-- Name: project_seq; Type: SEQUENCE; Schema: public; Owner: postgres
--

CREATE SEQUENCE project_seq
    START WITH 1
    INCREMENT BY 1
    NO MINVALUE
    NO MAXVALUE
    CACHE 1;


ALTER TABLE public.project_seq OWNER TO postgres;

--
-- TOC entry 2305 (class 0 OID 0)
-- Dependencies: 205
-- Name: project_seq; Type: SEQUENCE SET; Schema: public; Owner: postgres
--

SELECT pg_catalog.setval('project_seq', 109, true);


--
-- TOC entry 206 (class 1259 OID 148852)
-- Dependencies: 2064 2065 2066 6
-- Name: project; Type: TABLE; Schema: public; Owner: postgres; Tablespace: 
--

CREATE TABLE project (
    id integer DEFAULT nextval('project_seq'::regclass) NOT NULL,
    active boolean DEFAULT true NOT NULL,
    cq_required boolean DEFAULT false NOT NULL,
    name character varying(255) NOT NULL,
    manager integer,
    state integer NOT NULL,
    projectid character varying(255),
    start_date date,
    end_date date
);


ALTER TABLE public.project OWNER TO postgres;

--
-- TOC entry 207 (class 1259 OID 148861)
-- Dependencies: 2067 2068 6
-- Name: project_participant; Type: TABLE; Schema: public; Owner: postgres; Tablespace: 
--

CREATE TABLE project_participant (
    id integer DEFAULT nextval('proj_part_seq'::regclass) NOT NULL,
    active boolean DEFAULT true NOT NULL,
    employee integer NOT NULL,
    project integer NOT NULL,
    project_role integer NOT NULL
);


ALTER TABLE public.project_participant OWNER TO postgres;

--
-- TOC entry 208 (class 1259 OID 148866)
-- Dependencies: 2069 6
-- Name: project_role; Type: TABLE; Schema: public; Owner: postgres; Tablespace: 
--

CREATE TABLE project_role (
    id integer NOT NULL,
    active boolean DEFAULT true NOT NULL,
    code character varying(3) NOT NULL,
    ldap_title character varying(255) NOT NULL,
    name character varying(255) NOT NULL
);


ALTER TABLE public.project_role OWNER TO postgres;

--
-- TOC entry 209 (class 1259 OID 148873)
-- Dependencies: 2070 6
-- Name: project_role_permissions; Type: TABLE; Schema: public; Owner: postgres; Tablespace: 
--

CREATE TABLE project_role_permissions (
    id integer DEFAULT nextval('proj_role_permissions_seq'::regclass) NOT NULL,
    permission_id integer NOT NULL,
    project_role_id integer NOT NULL
);


ALTER TABLE public.project_role_permissions OWNER TO postgres;

--
-- TOC entry 210 (class 1259 OID 148877)
-- Dependencies: 2071 2072 6
-- Name: project_task; Type: TABLE; Schema: public; Owner: postgres; Tablespace: 
--

CREATE TABLE project_task (
    id integer DEFAULT nextval('proj_task_seq'::regclass) NOT NULL,
    active boolean DEFAULT true NOT NULL,
    cq_id character varying(255) NOT NULL,
    description text NOT NULL,
    project integer
);


ALTER TABLE public.project_task OWNER TO postgres;

--
-- TOC entry 211 (class 1259 OID 148885)
-- Dependencies: 6
-- Name: region; Type: TABLE; Schema: public; Owner: postgres; Tablespace: 
--

CREATE TABLE region (
    id integer NOT NULL,
    name character varying(50) NOT NULL,
    ldap_city character varying(255),
    additional_emails character(1000)
);


ALTER TABLE public.region OWNER TO postgres;

--
-- TOC entry 212 (class 1259 OID 148891)
-- Dependencies: 6
-- Name: reportcheck_seq; Type: SEQUENCE; Schema: public; Owner: postgres
--

CREATE SEQUENCE reportcheck_seq
    START WITH 6733
    INCREMENT BY 1
    NO MINVALUE
    NO MAXVALUE
    CACHE 1;


ALTER TABLE public.reportcheck_seq OWNER TO postgres;

--
-- TOC entry 2306 (class 0 OID 0)
-- Dependencies: 212
-- Name: reportcheck_seq; Type: SEQUENCE SET; Schema: public; Owner: postgres
--

SELECT pg_catalog.setval('reportcheck_seq', 6733, true);


--
-- TOC entry 213 (class 1259 OID 148893)
-- Dependencies: 2073 2074 6
-- Name: reportcheck; Type: TABLE; Schema: public; Owner: postgres; Tablespace: 
--

CREATE TABLE reportcheck (
    id integer DEFAULT nextval('reportcheck_seq'::regclass) NOT NULL,
    checkdate character varying(255),
    rnotsendnum integer,
    sundaycheck boolean DEFAULT true NOT NULL,
    division integer,
    employee integer
);


ALTER TABLE public.reportcheck OWNER TO postgres;

--
-- TOC entry 214 (class 1259 OID 148898)
-- Dependencies: 6
-- Name: vacation_seq; Type: SEQUENCE; Schema: public; Owner: postgres
--

CREATE SEQUENCE vacation_seq
    START WITH 1
    INCREMENT BY 1
    NO MINVALUE
    NO MAXVALUE
    CACHE 1;


ALTER TABLE public.vacation_seq OWNER TO postgres;

--
-- TOC entry 2307 (class 0 OID 0)
-- Dependencies: 214
-- Name: vacation_seq; Type: SEQUENCE SET; Schema: public; Owner: postgres
--

SELECT pg_catalog.setval('vacation_seq', 1, true);


--
-- TOC entry 215 (class 1259 OID 148900)
-- Dependencies: 2075 6
-- Name: vacation; Type: TABLE; Schema: public; Owner: postgres; Tablespace: 
--

CREATE TABLE vacation (
    id integer DEFAULT nextval('vacation_seq'::regclass) NOT NULL,
    creation_date date NOT NULL,
    employee_id integer NOT NULL,
    begin_date date NOT NULL,
    end_date date NOT NULL,
    type_id integer NOT NULL,
    status_id integer NOT NULL,
    comment character(400),
    author_id integer NOT NULL
);


ALTER TABLE public.vacation OWNER TO postgres;

--
-- TOC entry 216 (class 1259 OID 148904)
-- Dependencies: 6
-- Name: vacation_approval_seq; Type: SEQUENCE; Schema: public; Owner: postgres
--

CREATE SEQUENCE vacation_approval_seq
    START WITH 1
    INCREMENT BY 1
    NO MINVALUE
    NO MAXVALUE
    CACHE 1;


ALTER TABLE public.vacation_approval_seq OWNER TO postgres;

--
-- TOC entry 2308 (class 0 OID 0)
-- Dependencies: 216
-- Name: vacation_approval_seq; Type: SEQUENCE SET; Schema: public; Owner: postgres
--

SELECT pg_catalog.setval('vacation_approval_seq', 1, false);


--
-- TOC entry 217 (class 1259 OID 148906)
-- Dependencies: 2076 6
-- Name: vacation_approval; Type: TABLE; Schema: public; Owner: postgres; Tablespace: 
--

CREATE TABLE vacation_approval (
    id integer DEFAULT nextval('vacation_approval_seq'::regclass) NOT NULL,
    vacation_id integer NOT NULL,
    manager_id integer NOT NULL,
    request_datetime date NOT NULL,
    response_datetime date,
    uid character(36) NOT NULL,
    result boolean
);


ALTER TABLE public.vacation_approval OWNER TO postgres;

--
-- TOC entry 218 (class 1259 OID 148910)
-- Dependencies: 6
-- Name: vacation_approval_result; Type: TABLE; Schema: public; Owner: postgres; Tablespace: 
--

CREATE TABLE vacation_approval_result (
    id integer NOT NULL,
    vacation_approval_id integer NOT NULL,
    project_participant_id integer
);


ALTER TABLE public.vacation_approval_result OWNER TO postgres;

--
-- TOC entry 219 (class 1259 OID 148913)
-- Dependencies: 6
-- Name: vacation_approval_result_seq; Type: SEQUENCE; Schema: public; Owner: postgres
--

CREATE SEQUENCE vacation_approval_result_seq
    START WITH 15
    INCREMENT BY 1
    NO MINVALUE
    NO MAXVALUE
    CACHE 1;


ALTER TABLE public.vacation_approval_result_seq OWNER TO postgres;

--
-- TOC entry 2309 (class 0 OID 0)
-- Dependencies: 219
-- Name: vacation_approval_result_seq; Type: SEQUENCE SET; Schema: public; Owner: postgres
--

SELECT pg_catalog.setval('vacation_approval_result_seq', 15, true);


--
-- TOC entry 2245 (class 0 OID 148700)
-- Dependencies: 162 2277
-- Data for Name: available_activity_category; Type: TABLE DATA; Schema: public; Owner: postgres
--

COPY available_activity_category (id, act_cat, act_type, project_role, description) FROM stdin;
75	4	12	16	\N
76	5	12	16	\N
77	6	12	16	\N
78	8	12	16	\N
79	26	12	16	\N
80	27	12	16	\N
81	33	12	16	\N
82	34	12	16	\N
83	35	12	16	\N
84	36	12	16	\N
85	5	13	16	\N
86	26	13	16	\N
87	36	13	16	\N
88	37	13	16	\N
89	9	14	16	\N
90	10	14	16	\N
92	26	14	16	\N
93	36	14	16	\N
94	41	14	16	\N
21	2	12	15	\N
22	5	12	15	\N
23	6	12	15	\N
24	26	12	15	\N
25	27	12	15	\N
26	32	12	15	\N
27	33	12	15	\N
28	34	12	15	\N
29	36	12	15	\N
30	5	13	15	\N
31	26	13	15	\N
32	36	13	15	\N
33	37	13	15	\N
34	9	14	15	\N
35	10	14	15	\N
37	26	14	15	\N
38	36	14	15	\N
39	41	14	15	\N
113	6	12	17	\N
114	7	12	17	\N
115	26	12	17	\N
116	27	12	17	\N
117	30	12	17	\N
118	36	12	17	\N
119	5	13	17	\N
120	26	13	17	\N
121	36	13	17	\N
122	37	13	17	\N
123	9	14	17	\N
124	10	14	17	\N
126	26	14	17	\N
127	36	14	17	\N
128	41	14	17	\N
198	44	12	15	\N
199	45	12	15	\N
200	46	12	15	\N
201	47	12	15	\N
202	48	12	15	\N
203	43	13	15	\N
204	44	13	15	\N
205	45	13	15	\N
206	46	13	15	\N
207	47	13	15	\N
208	48	13	15	\N
209	45	42	15	\N
210	48	42	15	\N
211	43	14	15	\N
212	44	14	15	\N
213	45	14	15	\N
214	48	14	15	\N
215	43	12	16	\N
216	44	12	16	\N
217	45	12	16	\N
218	46	12	16	\N
219	47	12	16	\N
220	48	12	16	\N
221	43	13	16	\N
222	44	13	16	\N
223	45	13	16	\N
224	46	13	16	\N
225	47	13	16	\N
226	48	13	16	\N
227	45	42	16	\N
228	48	42	16	\N
229	43	14	16	\N
230	44	14	16	\N
231	45	14	16	\N
232	48	14	16	\N
233	43	12	17	\N
234	44	12	17	\N
235	45	12	17	\N
236	46	12	17	\N
237	47	12	17	\N
238	48	12	17	\N
239	43	13	17	\N
240	44	13	17	\N
241	45	13	17	\N
242	46	13	17	\N
243	47	13	17	\N
244	48	13	17	\N
245	45	42	17	\N
246	48	42	17	\N
247	43	14	17	\N
248	44	14	17	\N
249	45	14	17	\N
250	48	14	17	\N
251	43	12	18	\N
252	44	12	18	\N
253	45	12	18	\N
254	46	12	18	\N
255	47	12	18	\N
256	48	12	18	\N
257	43	13	18	\N
258	44	13	18	\N
259	45	13	18	\N
260	46	13	18	\N
261	47	13	18	\N
262	48	13	18	\N
263	45	42	18	\N
264	48	42	18	\N
265	43	14	18	\N
266	44	14	18	\N
267	45	14	18	\N
268	48	14	18	\N
269	45	12	19	\N
270	43	13	19	\N
271	44	13	19	\N
272	45	13	19	\N
273	46	13	19	\N
274	47	13	19	\N
275	48	13	19	\N
276	45	42	19	\N
277	48	42	19	\N
278	43	14	19	\N
279	44	14	19	\N
280	45	14	19	\N
281	48	14	19	\N
1	1	12	19	\N
2	2	12	19	\N
3	5	12	19	\N
4	6	12	19	\N
5	8	12	19	\N
6	26	12	19	\N
7	27	12	19	\N
8	32	12	19	\N
9	34	12	19	\N
10	36	12	19	\N
11	5	13	19	\N
12	26	13	19	\N
13	36	13	19	\N
14	37	13	19	\N
15	9	14	19	\N
16	10	14	19	\N
18	26	14	19	\N
19	36	14	19	\N
20	41	14	19	\N
\.


--
-- TOC entry 2246 (class 0 OID 148706)
-- Dependencies: 164 2277
-- Data for Name: business_trip; Type: TABLE DATA; Schema: public; Owner: postgres
--

COPY business_trip (id, employee_id, begin_date, end_date, type_id, project_id, comment) FROM stdin;
\.


--
-- TOC entry 2247 (class 0 OID 148710)
-- Dependencies: 165 2277
-- Data for Name: calendar; Type: TABLE DATA; Schema: public; Owner: postgres
--

COPY calendar (caldate, month, month_txt, year) FROM stdin;
2011-01-01	1	Январь	2011
2011-01-02	1	Январь	2011
2011-01-03	1	Январь	2011
2011-01-04	1	Январь	2011
2011-01-05	1	Январь	2011
2011-01-06	1	Январь	2011
2011-01-07	1	Январь	2011
2011-01-08	1	Январь	2011
2011-01-09	1	Январь	2011
2011-01-10	1	Январь	2011
2011-01-11	1	Январь	2011
2011-01-12	1	Январь	2011
2011-01-13	1	Январь	2011
2011-01-14	1	Январь	2011
2011-01-15	1	Январь	2011
2011-01-16	1	Январь	2011
2011-01-17	1	Январь	2011
2011-01-18	1	Январь	2011
2011-01-19	1	Январь	2011
2011-01-20	1	Январь	2011
2011-01-21	1	Январь	2011
2011-01-22	1	Январь	2011
2011-01-23	1	Январь	2011
2011-01-24	1	Январь	2011
2011-01-25	1	Январь	2011
2011-01-26	1	Январь	2011
2011-01-27	1	Январь	2011
2011-01-28	1	Январь	2011
2011-01-29	1	Январь	2011
2011-01-30	1	Январь	2011
2011-01-31	1	Январь	2011
2011-02-01	2	Февраль	2011
2011-02-02	2	Февраль	2011
2011-02-03	2	Февраль	2011
2011-02-04	2	Февраль	2011
2011-02-05	2	Февраль	2011
2011-02-06	2	Февраль	2011
2011-02-07	2	Февраль	2011
2011-02-08	2	Февраль	2011
2011-02-09	2	Февраль	2011
2011-02-10	2	Февраль	2011
2011-02-11	2	Февраль	2011
2011-02-12	2	Февраль	2011
2011-02-13	2	Февраль	2011
2011-02-14	2	Февраль	2011
2011-02-15	2	Февраль	2011
2011-02-16	2	Февраль	2011
2011-02-17	2	Февраль	2011
2011-02-18	2	Февраль	2011
2011-02-19	2	Февраль	2011
2011-02-20	2	Февраль	2011
2011-02-21	2	Февраль	2011
2011-02-22	2	Февраль	2011
2011-02-23	2	Февраль	2011
2011-02-24	2	Февраль	2011
2011-02-25	2	Февраль	2011
2011-02-26	2	Февраль	2011
2011-02-27	2	Февраль	2011
2011-02-28	2	Февраль	2011
2011-03-01	3	Март	2011
2011-03-02	3	Март	2011
2011-03-03	3	Март	2011
2011-03-04	3	Март	2011
2011-03-05	3	Март	2011
2011-03-06	3	Март	2011
2011-03-07	3	Март	2011
2011-03-08	3	Март	2011
2011-03-09	3	Март	2011
2011-03-10	3	Март	2011
2011-03-11	3	Март	2011
2011-03-12	3	Март	2011
2011-03-13	3	Март	2011
2011-03-14	3	Март	2011
2011-03-15	3	Март	2011
2011-03-16	3	Март	2011
2011-03-17	3	Март	2011
2011-03-18	3	Март	2011
2011-03-19	3	Март	2011
2011-03-20	3	Март	2011
2011-03-21	3	Март	2011
2011-03-22	3	Март	2011
2011-03-23	3	Март	2011
2011-03-24	3	Март	2011
2011-03-25	3	Март	2011
2011-03-26	3	Март	2011
2011-03-27	3	Март	2011
2011-03-28	3	Март	2011
2011-03-29	3	Март	2011
2011-03-30	3	Март	2011
2011-03-31	3	Март	2011
2011-04-01	4	Апрель	2011
2011-04-02	4	Апрель	2011
2011-04-03	4	Апрель	2011
2011-04-04	4	Апрель	2011
2011-04-05	4	Апрель	2011
2011-04-06	4	Апрель	2011
2011-04-07	4	Апрель	2011
2011-04-08	4	Апрель	2011
2011-04-09	4	Апрель	2011
2011-04-10	4	Апрель	2011
2011-04-11	4	Апрель	2011
2011-04-12	4	Апрель	2011
2011-04-13	4	Апрель	2011
2011-04-14	4	Апрель	2011
2011-04-15	4	Апрель	2011
2011-04-16	4	Апрель	2011
2011-04-17	4	Апрель	2011
2011-04-18	4	Апрель	2011
2011-04-19	4	Апрель	2011
2011-04-20	4	Апрель	2011
2011-04-21	4	Апрель	2011
2011-04-22	4	Апрель	2011
2011-04-23	4	Апрель	2011
2011-04-24	4	Апрель	2011
2011-04-25	4	Апрель	2011
2011-04-26	4	Апрель	2011
2011-04-27	4	Апрель	2011
2011-04-28	4	Апрель	2011
2011-04-29	4	Апрель	2011
2011-04-30	4	Апрель	2011
2011-05-01	5	Май	2011
2011-05-02	5	Май	2011
2011-05-03	5	Май	2011
2011-05-04	5	Май	2011
2011-05-05	5	Май	2011
2011-05-06	5	Май	2011
2011-05-07	5	Май	2011
2011-05-08	5	Май	2011
2011-05-09	5	Май	2011
2011-05-10	5	Май	2011
2011-05-11	5	Май	2011
2011-05-12	5	Май	2011
2011-05-13	5	Май	2011
2011-05-14	5	Май	2011
2011-05-15	5	Май	2011
2011-05-16	5	Май	2011
2011-05-17	5	Май	2011
2011-05-18	5	Май	2011
2011-05-19	5	Май	2011
2011-05-20	5	Май	2011
2011-05-21	5	Май	2011
2011-05-22	5	Май	2011
2011-05-23	5	Май	2011
2011-05-24	5	Май	2011
2011-05-25	5	Май	2011
2011-05-26	5	Май	2011
2011-05-27	5	Май	2011
2011-05-28	5	Май	2011
2011-05-29	5	Май	2011
2011-05-30	5	Май	2011
2011-05-31	5	Май	2011
2011-06-01	6	Июнь	2011
2011-06-02	6	Июнь	2011
2011-06-03	6	Июнь	2011
2011-06-04	6	Июнь	2011
2011-06-05	6	Июнь	2011
2011-06-06	6	Июнь	2011
2011-06-07	6	Июнь	2011
2011-06-08	6	Июнь	2011
2011-06-09	6	Июнь	2011
2011-06-10	6	Июнь	2011
2011-06-11	6	Июнь	2011
2011-06-12	6	Июнь	2011
2011-06-13	6	Июнь	2011
2011-06-14	6	Июнь	2011
2011-06-15	6	Июнь	2011
2011-06-16	6	Июнь	2011
2011-06-17	6	Июнь	2011
2011-06-18	6	Июнь	2011
2011-06-19	6	Июнь	2011
2011-06-20	6	Июнь	2011
2011-06-21	6	Июнь	2011
2011-06-22	6	Июнь	2011
2011-06-23	6	Июнь	2011
2011-06-24	6	Июнь	2011
2011-06-25	6	Июнь	2011
2011-06-26	6	Июнь	2011
2011-06-27	6	Июнь	2011
2011-06-28	6	Июнь	2011
2011-06-29	6	Июнь	2011
2011-06-30	6	Июнь	2011
2011-07-01	7	Июль	2011
2011-07-02	7	Июль	2011
2011-07-03	7	Июль	2011
2011-07-04	7	Июль	2011
2011-07-05	7	Июль	2011
2011-07-06	7	Июль	2011
2011-07-07	7	Июль	2011
2011-07-08	7	Июль	2011
2011-07-09	7	Июль	2011
2011-07-10	7	Июль	2011
2011-07-11	7	Июль	2011
2011-07-12	7	Июль	2011
2011-07-13	7	Июль	2011
2011-07-14	7	Июль	2011
2011-07-15	7	Июль	2011
2011-07-16	7	Июль	2011
2011-07-17	7	Июль	2011
2011-07-18	7	Июль	2011
2011-07-19	7	Июль	2011
2011-07-20	7	Июль	2011
2011-07-21	7	Июль	2011
2011-07-22	7	Июль	2011
2011-07-23	7	Июль	2011
2011-07-24	7	Июль	2011
2011-07-25	7	Июль	2011
2011-07-26	7	Июль	2011
2011-07-27	7	Июль	2011
2011-07-28	7	Июль	2011
2011-07-29	7	Июль	2011
2011-07-30	7	Июль	2011
2011-07-31	7	Июль	2011
2011-08-01	8	Август	2011
2011-08-02	8	Август	2011
2011-08-03	8	Август	2011
2011-08-04	8	Август	2011
2011-08-05	8	Август	2011
2011-08-06	8	Август	2011
2011-08-07	8	Август	2011
2011-08-08	8	Август	2011
2011-08-09	8	Август	2011
2011-08-10	8	Август	2011
2011-08-11	8	Август	2011
2011-08-12	8	Август	2011
2011-08-13	8	Август	2011
2011-08-14	8	Август	2011
2011-08-15	8	Август	2011
2011-08-16	8	Август	2011
2011-08-17	8	Август	2011
2011-08-18	8	Август	2011
2011-08-19	8	Август	2011
2011-08-20	8	Август	2011
2011-08-21	8	Август	2011
2011-08-22	8	Август	2011
2011-08-23	8	Август	2011
2011-08-24	8	Август	2011
2011-08-25	8	Август	2011
2011-08-26	8	Август	2011
2011-08-27	8	Август	2011
2011-08-28	8	Август	2011
2011-08-29	8	Август	2011
2011-08-30	8	Август	2011
2011-08-31	8	Август	2011
2011-09-01	9	Сентябрь	2011
2011-09-02	9	Сентябрь	2011
2011-09-03	9	Сентябрь	2011
2011-09-04	9	Сентябрь	2011
2011-09-05	9	Сентябрь	2011
2011-09-06	9	Сентябрь	2011
2011-09-07	9	Сентябрь	2011
2011-09-08	9	Сентябрь	2011
2011-09-09	9	Сентябрь	2011
2011-09-10	9	Сентябрь	2011
2011-09-11	9	Сентябрь	2011
2011-09-12	9	Сентябрь	2011
2011-09-13	9	Сентябрь	2011
2011-09-14	9	Сентябрь	2011
2011-09-15	9	Сентябрь	2011
2011-09-16	9	Сентябрь	2011
2011-09-17	9	Сентябрь	2011
2011-09-18	9	Сентябрь	2011
2011-09-19	9	Сентябрь	2011
2011-09-20	9	Сентябрь	2011
2011-09-21	9	Сентябрь	2011
2011-09-22	9	Сентябрь	2011
2011-09-23	9	Сентябрь	2011
2011-09-24	9	Сентябрь	2011
2011-09-25	9	Сентябрь	2011
2011-09-26	9	Сентябрь	2011
2011-09-27	9	Сентябрь	2011
2011-09-28	9	Сентябрь	2011
2011-09-29	9	Сентябрь	2011
2011-09-30	9	Сентябрь	2011
2011-10-01	10	Октябрь	2011
2011-10-02	10	Октябрь	2011
2011-10-03	10	Октябрь	2011
2011-10-04	10	Октябрь	2011
2011-10-05	10	Октябрь	2011
2011-10-06	10	Октябрь	2011
2011-10-07	10	Октябрь	2011
2011-10-08	10	Октябрь	2011
2011-10-09	10	Октябрь	2011
2011-10-10	10	Октябрь	2011
2011-10-11	10	Октябрь	2011
2011-10-12	10	Октябрь	2011
2011-10-13	10	Октябрь	2011
2011-10-14	10	Октябрь	2011
2011-10-15	10	Октябрь	2011
2011-10-16	10	Октябрь	2011
2011-10-17	10	Октябрь	2011
2011-10-18	10	Октябрь	2011
2011-10-19	10	Октябрь	2011
2011-10-20	10	Октябрь	2011
2011-10-21	10	Октябрь	2011
2011-10-22	10	Октябрь	2011
2011-10-23	10	Октябрь	2011
2011-10-24	10	Октябрь	2011
2011-10-25	10	Октябрь	2011
2011-10-26	10	Октябрь	2011
2011-10-27	10	Октябрь	2011
2011-10-28	10	Октябрь	2011
2011-10-29	10	Октябрь	2011
2011-10-30	10	Октябрь	2011
2011-10-31	10	Октябрь	2011
2011-11-01	11	Ноябрь	2011
2011-11-02	11	Ноябрь	2011
2011-11-03	11	Ноябрь	2011
2011-11-05	11	Ноябрь	2011
2011-11-06	11	Ноябрь	2011
2011-11-07	11	Ноябрь	2011
2011-11-08	11	Ноябрь	2011
2011-11-09	11	Ноябрь	2011
2011-11-10	11	Ноябрь	2011
2011-11-11	11	Ноябрь	2011
2011-11-12	11	Ноябрь	2011
2011-11-13	11	Ноябрь	2011
2011-11-14	11	Ноябрь	2011
2011-11-15	11	Ноябрь	2011
2011-11-16	11	Ноябрь	2011
2011-11-17	11	Ноябрь	2011
2011-11-18	11	Ноябрь	2011
2011-11-19	11	Ноябрь	2011
2011-11-20	11	Ноябрь	2011
2011-11-21	11	Ноябрь	2011
2011-11-22	11	Ноябрь	2011
2011-11-23	11	Ноябрь	2011
2011-11-24	11	Ноябрь	2011
2011-11-25	11	Ноябрь	2011
2011-11-26	11	Ноябрь	2011
2011-11-27	11	Ноябрь	2011
2011-11-28	11	Ноябрь	2011
2011-11-29	11	Ноябрь	2011
2011-11-30	11	Ноябрь	2011
2011-12-01	12	Декабрь	2011
2011-12-02	12	Декабрь	2011
2011-12-03	12	Декабрь	2011
2011-12-04	12	Декабрь	2011
2011-12-05	12	Декабрь	2011
2011-12-06	12	Декабрь	2011
2011-12-07	12	Декабрь	2011
2011-12-08	12	Декабрь	2011
2011-12-09	12	Декабрь	2011
2011-12-10	12	Декабрь	2011
2011-12-11	12	Декабрь	2011
2011-12-12	12	Декабрь	2011
2011-12-13	12	Декабрь	2011
2011-12-14	12	Декабрь	2011
2011-12-15	12	Декабрь	2011
2011-12-16	12	Декабрь	2011
2011-12-17	12	Декабрь	2011
2011-12-18	12	Декабрь	2011
2011-12-19	12	Декабрь	2011
2011-12-20	12	Декабрь	2011
2011-12-21	12	Декабрь	2011
2011-12-22	12	Декабрь	2011
2011-12-23	12	Декабрь	2011
2011-12-24	12	Декабрь	2011
2011-12-25	12	Декабрь	2011
2011-12-26	12	Декабрь	2011
2011-12-27	12	Декабрь	2011
2011-12-28	12	Декабрь	2011
2011-12-29	12	Декабрь	2011
2011-12-30	12	Декабрь	2011
2011-12-31	12	Декабрь	2011
2011-11-04	11	Ноябрь	2011
2012-01-01	1	Январь	2012
2012-01-07	1	Январь	2012
2012-01-08	1	Январь	2012
2012-01-10	1	Январь	2012
2012-01-11	1	Январь	2012
2012-01-12	1	Январь	2012
2012-01-13	1	Январь	2012
2012-01-14	1	Январь	2012
2012-01-15	1	Январь	2012
2012-01-16	1	Январь	2012
2012-01-17	1	Январь	2012
2012-01-18	1	Январь	2012
2012-01-19	1	Январь	2012
2012-01-20	1	Январь	2012
2012-01-21	1	Январь	2012
2012-01-22	1	Январь	2012
2012-01-23	1	Январь	2012
2012-01-24	1	Январь	2012
2012-01-25	1	Январь	2012
2012-01-26	1	Январь	2012
2012-01-27	1	Январь	2012
2012-01-28	1	Январь	2012
2012-01-29	1	Январь	2012
2012-01-30	1	Январь	2012
2012-01-31	1	Январь	2012
2012-02-01	2	Февраль	2012
2012-02-02	2	Февраль	2012
2012-02-03	2	Февраль	2012
2012-02-04	2	Февраль	2012
2012-02-05	2	Февраль	2012
2012-02-06	2	Февраль	2012
2012-02-07	2	Февраль	2012
2012-02-08	2	Февраль	2012
2012-02-09	2	Февраль	2012
2012-02-10	2	Февраль	2012
2012-02-11	2	Февраль	2012
2012-02-12	2	Февраль	2012
2012-02-13	2	Февраль	2012
2012-02-14	2	Февраль	2012
2012-02-15	2	Февраль	2012
2012-02-16	2	Февраль	2012
2012-02-17	2	Февраль	2012
2012-02-18	2	Февраль	2012
2012-02-19	2	Февраль	2012
2012-02-20	2	Февраль	2012
2012-02-21	2	Февраль	2012
2012-02-22	2	Февраль	2012
2012-02-23	2	Февраль	2012
2012-02-24	2	Февраль	2012
2012-02-25	2	Февраль	2012
2012-02-26	2	Февраль	2012
2012-01-09	1	Январь	2012
2012-01-02	1	Январь	2012
2012-01-03	1	Январь	2012
2012-01-04	1	Январь	2012
2012-01-05	1	Январь	2012
2012-01-06	1	Январь	2012
2012-02-27	2	Февраль	2012
2012-02-28	2	Февраль	2012
2012-02-29	2	Февраль	2012
2012-03-01	3	Март	2012
2012-03-02	3	Март	2012
2012-03-03	3	Март	2012
2012-03-04	3	Март	2012
2012-03-05	3	Март	2012
2012-03-06	3	Март	2012
2012-03-07	3	Март	2012
2012-03-08	3	Март	2012
2012-03-09	3	Март	2012
2012-03-10	3	Март	2012
2012-03-11	3	Март	2012
2012-03-12	3	Март	2012
2012-03-13	3	Март	2012
2012-03-14	3	Март	2012
2012-03-15	3	Март	2012
2012-03-16	3	Март	2012
2012-03-17	3	Март	2012
2012-03-18	3	Март	2012
2012-03-19	3	Март	2012
2012-03-20	3	Март	2012
2012-03-21	3	Март	2012
2012-03-22	3	Март	2012
2012-03-23	3	Март	2012
2012-03-24	3	Март	2012
2012-03-25	3	Март	2012
2012-03-26	3	Март	2012
2012-03-27	3	Март	2012
2012-03-28	3	Март	2012
2012-03-29	3	Март	2012
2012-03-30	3	Март	2012
2012-03-31	3	Март	2012
2012-04-01	4	Апрель	2012
2012-04-02	4	Апрель	2012
2012-04-03	4	Апрель	2012
2012-04-04	4	Апрель	2012
2012-04-05	4	Апрель	2012
2012-04-06	4	Апрель	2012
2012-04-07	4	Апрель	2012
2012-04-08	4	Апрель	2012
2012-04-09	4	Апрель	2012
2012-04-10	4	Апрель	2012
2012-04-11	4	Апрель	2012
2012-04-12	4	Апрель	2012
2012-04-13	4	Апрель	2012
2012-04-14	4	Апрель	2012
2012-04-15	4	Апрель	2012
2012-04-16	4	Апрель	2012
2012-04-17	4	Апрель	2012
2012-04-18	4	Апрель	2012
2012-04-19	4	Апрель	2012
2012-04-20	4	Апрель	2012
2012-04-21	4	Апрель	2012
2012-04-22	4	Апрель	2012
2012-04-23	4	Апрель	2012
2012-04-24	4	Апрель	2012
2012-04-25	4	Апрель	2012
2012-04-26	4	Апрель	2012
2012-04-27	4	Апрель	2012
2012-04-28	4	Апрель	2012
2012-04-29	4	Апрель	2012
2012-04-30	4	Апрель	2012
2012-05-01	5	Май	2012
2012-05-02	5	Май	2012
2012-05-03	5	Май	2012
2012-05-04	5	Май	2012
2012-05-05	5	Май	2012
2012-05-06	5	Май	2012
2012-05-07	5	Май	2012
2012-05-08	5	Май	2012
2012-05-09	5	Май	2012
2012-05-10	5	Май	2012
2012-05-11	5	Май	2012
2012-05-12	5	Май	2012
2012-05-13	5	Май	2012
2012-05-14	5	Май	2012
2012-05-15	5	Май	2012
2012-05-16	5	Май	2012
2012-05-17	5	Май	2012
2012-05-18	5	Май	2012
2012-05-19	5	Май	2012
2012-05-20	5	Май	2012
2012-05-21	5	Май	2012
2012-05-22	5	Май	2012
2012-05-23	5	Май	2012
2012-05-24	5	Май	2012
2012-05-25	5	Май	2012
2012-05-26	5	Май	2012
2012-05-27	5	Май	2012
2012-05-28	5	Май	2012
2012-05-29	5	Май	2012
2012-05-30	5	Май	2012
2012-05-31	5	Май	2012
2012-06-01	6	Июнь	2012
2012-06-02	6	Июнь	2012
2012-06-03	6	Июнь	2012
2012-06-04	6	Июнь	2012
2012-06-05	6	Июнь	2012
2012-06-06	6	Июнь	2012
2012-06-07	6	Июнь	2012
2012-06-08	6	Июнь	2012
2012-06-09	6	Июнь	2012
2012-06-10	6	Июнь	2012
2012-06-11	6	Июнь	2012
2012-06-12	6	Июнь	2012
2012-06-13	6	Июнь	2012
2012-06-14	6	Июнь	2012
2012-06-15	6	Июнь	2012
2012-06-16	6	Июнь	2012
2012-06-17	6	Июнь	2012
2012-06-18	6	Июнь	2012
2012-06-19	6	Июнь	2012
2012-06-20	6	Июнь	2012
2012-06-21	6	Июнь	2012
2012-06-22	6	Июнь	2012
2012-06-23	6	Июнь	2012
2012-06-24	6	Июнь	2012
2012-06-25	6	Июнь	2012
2012-06-26	6	Июнь	2012
2012-06-27	6	Июнь	2012
2012-06-28	6	Июнь	2012
2012-06-29	6	Июнь	2012
2012-06-30	6	Июнь	2012
2012-07-01	7	Июль	2012
2012-07-02	7	Июль	2012
2012-07-03	7	Июль	2012
2012-07-04	7	Июль	2012
2012-07-05	7	Июль	2012
2012-07-06	7	Июль	2012
2012-07-07	7	Июль	2012
2012-07-08	7	Июль	2012
2012-07-09	7	Июль	2012
2012-07-10	7	Июль	2012
2012-07-11	7	Июль	2012
2012-07-12	7	Июль	2012
2012-07-13	7	Июль	2012
2012-07-14	7	Июль	2012
2012-07-15	7	Июль	2012
2012-07-16	7	Июль	2012
2012-07-17	7	Июль	2012
2012-07-18	7	Июль	2012
2012-07-19	7	Июль	2012
2012-07-20	7	Июль	2012
2012-07-21	7	Июль	2012
2012-07-22	7	Июль	2012
2012-07-23	7	Июль	2012
2012-07-24	7	Июль	2012
2012-07-25	7	Июль	2012
2012-07-26	7	Июль	2012
2012-07-27	7	Июль	2012
2012-07-28	7	Июль	2012
2012-07-29	7	Июль	2012
2012-07-30	7	Июль	2012
2012-07-31	7	Июль	2012
2012-08-01	8	Август	2012
2012-08-02	8	Август	2012
2012-08-03	8	Август	2012
2012-08-04	8	Август	2012
2012-08-05	8	Август	2012
2012-08-06	8	Август	2012
2012-08-07	8	Август	2012
2012-08-08	8	Август	2012
2012-08-09	8	Август	2012
2012-08-10	8	Август	2012
2012-08-11	8	Август	2012
2012-08-12	8	Август	2012
2012-08-13	8	Август	2012
2012-08-14	8	Август	2012
2012-08-15	8	Август	2012
2012-08-16	8	Август	2012
2012-08-17	8	Август	2012
2012-08-18	8	Август	2012
2012-08-19	8	Август	2012
2012-08-20	8	Август	2012
2012-08-21	8	Август	2012
2012-08-22	8	Август	2012
2012-08-23	8	Август	2012
2012-08-24	8	Август	2012
2012-08-25	8	Август	2012
2012-08-26	8	Август	2012
2012-08-27	8	Август	2012
2012-08-28	8	Август	2012
2012-08-29	8	Август	2012
2012-08-30	8	Август	2012
2012-08-31	8	Август	2012
2012-09-01	9	Сентябрь	2012
2012-09-02	9	Сентябрь	2012
2012-09-03	9	Сентябрь	2012
2012-09-04	9	Сентябрь	2012
2012-09-05	9	Сентябрь	2012
2012-09-06	9	Сентябрь	2012
2012-09-07	9	Сентябрь	2012
2012-09-08	9	Сентябрь	2012
2012-09-09	9	Сентябрь	2012
2012-09-10	9	Сентябрь	2012
2012-09-11	9	Сентябрь	2012
2012-09-12	9	Сентябрь	2012
2012-09-13	9	Сентябрь	2012
2012-09-14	9	Сентябрь	2012
2012-09-15	9	Сентябрь	2012
2012-09-16	9	Сентябрь	2012
2012-09-17	9	Сентябрь	2012
2012-09-18	9	Сентябрь	2012
2012-09-19	9	Сентябрь	2012
2012-09-20	9	Сентябрь	2012
2012-09-21	9	Сентябрь	2012
2012-09-22	9	Сентябрь	2012
2012-09-23	9	Сентябрь	2012
2012-09-24	9	Сентябрь	2012
2012-09-25	9	Сентябрь	2012
2012-09-26	9	Сентябрь	2012
2012-09-27	9	Сентябрь	2012
2012-09-28	9	Сентябрь	2012
2012-09-29	9	Сентябрь	2012
2012-09-30	9	Сентябрь	2012
2012-10-01	10	Октябрь	2012
2012-10-02	10	Октябрь	2012
2012-10-03	10	Октябрь	2012
2012-10-04	10	Октябрь	2012
2012-10-05	10	Октябрь	2012
2012-10-06	10	Октябрь	2012
2012-10-07	10	Октябрь	2012
2012-10-08	10	Октябрь	2012
2012-10-09	10	Октябрь	2012
2012-10-10	10	Октябрь	2012
2012-10-11	10	Октябрь	2012
2012-10-12	10	Октябрь	2012
2012-10-13	10	Октябрь	2012
2012-10-14	10	Октябрь	2012
2012-10-15	10	Октябрь	2012
2012-10-16	10	Октябрь	2012
2012-10-17	10	Октябрь	2012
2012-10-18	10	Октябрь	2012
2012-10-19	10	Октябрь	2012
2012-10-20	10	Октябрь	2012
2012-10-21	10	Октябрь	2012
2012-10-22	10	Октябрь	2012
2012-10-23	10	Октябрь	2012
2012-10-24	10	Октябрь	2012
2012-10-25	10	Октябрь	2012
2012-10-26	10	Октябрь	2012
2012-10-27	10	Октябрь	2012
2012-10-28	10	Октябрь	2012
2012-10-29	10	Октябрь	2012
2012-10-30	10	Октябрь	2012
2012-10-31	10	Октябрь	2012
2012-11-01	11	Ноябрь	2012
2012-11-02	11	Ноябрь	2012
2012-11-03	11	Ноябрь	2012
2012-11-04	11	Ноябрь	2012
2012-11-05	11	Ноябрь	2012
2012-11-06	11	Ноябрь	2012
2012-11-07	11	Ноябрь	2012
2012-11-08	11	Ноябрь	2012
2012-11-09	11	Ноябрь	2012
2012-11-10	11	Ноябрь	2012
2012-11-11	11	Ноябрь	2012
2012-11-12	11	Ноябрь	2012
2012-11-13	11	Ноябрь	2012
2012-11-14	11	Ноябрь	2012
2012-11-15	11	Ноябрь	2012
2012-11-16	11	Ноябрь	2012
2012-11-17	11	Ноябрь	2012
2012-11-18	11	Ноябрь	2012
2012-11-19	11	Ноябрь	2012
2012-11-20	11	Ноябрь	2012
2012-11-21	11	Ноябрь	2012
2012-11-22	11	Ноябрь	2012
2012-11-23	11	Ноябрь	2012
2012-11-24	11	Ноябрь	2012
2012-11-25	11	Ноябрь	2012
2012-11-26	11	Ноябрь	2012
2012-11-27	11	Ноябрь	2012
2012-11-28	11	Ноябрь	2012
2012-11-29	11	Ноябрь	2012
2012-11-30	11	Ноябрь	2012
2012-12-01	12	Декабрь	2012
2012-12-02	12	Декабрь	2012
2012-12-03	12	Декабрь	2012
2012-12-04	12	Декабрь	2012
2012-12-05	12	Декабрь	2012
2012-12-06	12	Декабрь	2012
2012-12-07	12	Декабрь	2012
2012-12-08	12	Декабрь	2012
2012-12-09	12	Декабрь	2012
2012-12-10	12	Декабрь	2012
2012-12-11	12	Декабрь	2012
2012-12-12	12	Декабрь	2012
2012-12-13	12	Декабрь	2012
2012-12-14	12	Декабрь	2012
2012-12-15	12	Декабрь	2012
2012-12-16	12	Декабрь	2012
2012-12-17	12	Декабрь	2012
2012-12-18	12	Декабрь	2012
2012-12-19	12	Декабрь	2012
2012-12-20	12	Декабрь	2012
2012-12-21	12	Декабрь	2012
2012-12-22	12	Декабрь	2012
2012-12-23	12	Декабрь	2012
2012-12-24	12	Декабрь	2012
2012-12-25	12	Декабрь	2012
2012-12-26	12	Декабрь	2012
2012-12-27	12	Декабрь	2012
2012-12-28	12	Декабрь	2012
2012-12-29	12	Декабрь	2012
2012-12-30	12	Декабрь	2012
2012-12-31	12	Декабрь	2012
2014-01-01	1	Январь	2014
2014-01-02	1	Январь	2014
2014-01-03	1	Январь	2014
2014-01-04	1	Январь	2014
2014-01-05	1	Январь	2014
2014-01-06	1	Январь	2014
2014-01-07	1	Январь	2014
2014-01-08	1	Январь	2014
2014-01-09	1	Январь	2014
2014-01-10	1	Январь	2014
2014-01-11	1	Январь	2014
2014-01-12	1	Январь	2014
2014-01-13	1	Январь	2014
2014-01-14	1	Январь	2014
2014-01-15	1	Январь	2014
2014-01-16	1	Январь	2014
2014-01-17	1	Январь	2014
2014-01-18	1	Январь	2014
2014-01-19	1	Январь	2014
2014-01-20	1	Январь	2014
2014-01-21	1	Январь	2014
2014-01-22	1	Январь	2014
2014-01-23	1	Январь	2014
2014-01-24	1	Январь	2014
2014-01-25	1	Январь	2014
2014-01-26	1	Январь	2014
2014-01-27	1	Январь	2014
2014-01-28	1	Январь	2014
2014-01-29	1	Январь	2014
2014-01-30	1	Январь	2014
2014-01-31	1	Январь	2014
2014-02-01	2	Февраль	2014
2014-02-02	2	Февраль	2014
2014-02-03	2	Февраль	2014
2014-02-04	2	Февраль	2014
2014-02-05	2	Февраль	2014
2014-02-06	2	Февраль	2014
2014-02-07	2	Февраль	2014
2014-02-08	2	Февраль	2014
2014-02-09	2	Февраль	2014
2014-02-10	2	Февраль	2014
2014-02-11	2	Февраль	2014
2014-02-12	2	Февраль	2014
2014-02-13	2	Февраль	2014
2014-02-14	2	Февраль	2014
2014-02-15	2	Февраль	2014
2014-02-16	2	Февраль	2014
2014-02-17	2	Февраль	2014
2014-02-18	2	Февраль	2014
2014-02-19	2	Февраль	2014
2014-02-20	2	Февраль	2014
2014-02-21	2	Февраль	2014
2014-02-22	2	Февраль	2014
2014-02-23	2	Февраль	2014
2014-02-24	2	Февраль	2014
2014-02-25	2	Февраль	2014
2014-02-26	2	Февраль	2014
2014-02-27	2	Февраль	2014
2014-02-28	2	Февраль	2014
2014-03-01	3	Март	2014
2014-03-02	3	Март	2014
2014-03-03	3	Март	2014
2014-03-04	3	Март	2014
2014-03-05	3	Март	2014
2014-03-06	3	Март	2014
2014-03-07	3	Март	2014
2014-03-08	3	Март	2014
2014-03-09	3	Март	2014
2014-03-10	3	Март	2014
2014-03-11	3	Март	2014
2014-03-12	3	Март	2014
2014-03-13	3	Март	2014
2014-03-14	3	Март	2014
2014-03-15	3	Март	2014
2014-03-16	3	Март	2014
2014-03-17	3	Март	2014
2014-03-18	3	Март	2014
2014-03-19	3	Март	2014
2014-03-20	3	Март	2014
2014-03-21	3	Март	2014
2014-03-22	3	Март	2014
2014-03-23	3	Март	2014
2014-03-24	3	Март	2014
2014-03-25	3	Март	2014
2014-03-26	3	Март	2014
2014-03-27	3	Март	2014
2014-03-28	3	Март	2014
2014-03-29	3	Март	2014
2014-03-30	3	Март	2014
2014-03-31	3	Март	2014
2014-04-01	4	Апрель	2014
2014-04-02	4	Апрель	2014
2014-04-03	4	Апрель	2014
2014-04-04	4	Апрель	2014
2014-04-05	4	Апрель	2014
2014-04-06	4	Апрель	2014
2014-04-07	4	Апрель	2014
2014-04-08	4	Апрель	2014
2014-04-09	4	Апрель	2014
2014-04-10	4	Апрель	2014
2014-04-11	4	Апрель	2014
2014-04-12	4	Апрель	2014
2014-04-13	4	Апрель	2014
2014-04-14	4	Апрель	2014
2014-04-15	4	Апрель	2014
2014-04-16	4	Апрель	2014
2014-04-17	4	Апрель	2014
2014-04-18	4	Апрель	2014
2014-04-19	4	Апрель	2014
2014-04-20	4	Апрель	2014
2014-04-21	4	Апрель	2014
2014-04-22	4	Апрель	2014
2014-04-23	4	Апрель	2014
2014-04-24	4	Апрель	2014
2014-04-25	4	Апрель	2014
2014-04-26	4	Апрель	2014
2014-04-27	4	Апрель	2014
2014-04-28	4	Апрель	2014
2014-04-29	4	Апрель	2014
2014-04-30	4	Апрель	2014
2014-05-01	5	Май	2014
2014-05-02	5	Май	2014
2014-05-03	5	Май	2014
2014-05-04	5	Май	2014
2014-05-05	5	Май	2014
2014-05-06	5	Май	2014
2014-05-07	5	Май	2014
2014-05-08	5	Май	2014
2014-05-09	5	Май	2014
2014-05-10	5	Май	2014
2014-05-11	5	Май	2014
2014-05-12	5	Май	2014
2014-05-13	5	Май	2014
2014-05-14	5	Май	2014
2014-05-15	5	Май	2014
2014-05-16	5	Май	2014
2014-05-17	5	Май	2014
2014-05-18	5	Май	2014
2014-05-19	5	Май	2014
2014-05-20	5	Май	2014
2014-05-21	5	Май	2014
2014-05-22	5	Май	2014
2014-05-23	5	Май	2014
2014-05-24	5	Май	2014
2014-05-25	5	Май	2014
2014-05-26	5	Май	2014
2014-05-27	5	Май	2014
2014-05-28	5	Май	2014
2014-05-29	5	Май	2014
2014-05-30	5	Май	2014
2014-05-31	5	Май	2014
2014-06-01	6	Июнь	2014
2014-06-02	6	Июнь	2014
2014-06-03	6	Июнь	2014
2014-06-04	6	Июнь	2014
2014-06-05	6	Июнь	2014
2014-06-06	6	Июнь	2014
2014-06-07	6	Июнь	2014
2014-06-08	6	Июнь	2014
2014-06-09	6	Июнь	2014
2014-06-10	6	Июнь	2014
2014-06-11	6	Июнь	2014
2014-06-12	6	Июнь	2014
2014-06-13	6	Июнь	2014
2014-06-14	6	Июнь	2014
2014-06-15	6	Июнь	2014
2014-06-16	6	Июнь	2014
2014-06-17	6	Июнь	2014
2014-06-18	6	Июнь	2014
2014-06-19	6	Июнь	2014
2014-06-20	6	Июнь	2014
2014-06-21	6	Июнь	2014
2014-06-22	6	Июнь	2014
2014-06-23	6	Июнь	2014
2014-06-24	6	Июнь	2014
2014-06-25	6	Июнь	2014
2014-06-26	6	Июнь	2014
2014-06-27	6	Июнь	2014
2014-06-28	6	Июнь	2014
2014-06-29	6	Июнь	2014
2014-06-30	6	Июнь	2014
2014-07-01	7	Июль	2014
2014-07-02	7	Июль	2014
2014-07-03	7	Июль	2014
2014-07-04	7	Июль	2014
2014-07-05	7	Июль	2014
2014-07-06	7	Июль	2014
2014-07-07	7	Июль	2014
2014-07-08	7	Июль	2014
2014-07-09	7	Июль	2014
2014-07-10	7	Июль	2014
2014-07-11	7	Июль	2014
2014-07-12	7	Июль	2014
2014-07-13	7	Июль	2014
2014-07-14	7	Июль	2014
2014-07-15	7	Июль	2014
2014-07-16	7	Июль	2014
2014-07-17	7	Июль	2014
2014-07-18	7	Июль	2014
2014-07-19	7	Июль	2014
2014-07-20	7	Июль	2014
2014-07-21	7	Июль	2014
2014-07-22	7	Июль	2014
2014-07-23	7	Июль	2014
2014-07-24	7	Июль	2014
2014-07-25	7	Июль	2014
2014-07-26	7	Июль	2014
2014-07-27	7	Июль	2014
2014-07-28	7	Июль	2014
2014-07-29	7	Июль	2014
2014-07-30	7	Июль	2014
2014-07-31	7	Июль	2014
2014-08-01	8	Август	2014
2014-08-02	8	Август	2014
2014-08-03	8	Август	2014
2014-08-04	8	Август	2014
2014-08-05	8	Август	2014
2014-08-06	8	Август	2014
2014-08-07	8	Август	2014
2014-08-08	8	Август	2014
2014-08-09	8	Август	2014
2014-08-10	8	Август	2014
2014-08-11	8	Август	2014
2014-08-12	8	Август	2014
2014-08-13	8	Август	2014
2014-08-14	8	Август	2014
2014-08-15	8	Август	2014
2014-08-16	8	Август	2014
2014-08-17	8	Август	2014
2014-08-18	8	Август	2014
2014-08-19	8	Август	2014
2014-08-20	8	Август	2014
2014-08-21	8	Август	2014
2014-08-22	8	Август	2014
2014-08-23	8	Август	2014
2014-08-24	8	Август	2014
2014-08-25	8	Август	2014
2014-08-26	8	Август	2014
2014-08-27	8	Август	2014
2014-08-28	8	Август	2014
2014-08-29	8	Август	2014
2014-08-30	8	Август	2014
2014-08-31	8	Август	2014
2014-09-01	9	Сентябрь	2014
2014-09-02	9	Сентябрь	2014
2014-09-03	9	Сентябрь	2014
2014-09-04	9	Сентябрь	2014
2014-09-05	9	Сентябрь	2014
2014-09-06	9	Сентябрь	2014
2014-09-07	9	Сентябрь	2014
2014-09-08	9	Сентябрь	2014
2014-09-09	9	Сентябрь	2014
2014-09-10	9	Сентябрь	2014
2014-09-11	9	Сентябрь	2014
2014-09-12	9	Сентябрь	2014
2014-09-13	9	Сентябрь	2014
2014-09-14	9	Сентябрь	2014
2014-09-15	9	Сентябрь	2014
2014-09-16	9	Сентябрь	2014
2014-09-17	9	Сентябрь	2014
2014-09-18	9	Сентябрь	2014
2014-09-19	9	Сентябрь	2014
2014-09-20	9	Сентябрь	2014
2014-09-21	9	Сентябрь	2014
2014-09-22	9	Сентябрь	2014
2014-09-23	9	Сентябрь	2014
2014-09-24	9	Сентябрь	2014
2014-09-25	9	Сентябрь	2014
2014-09-26	9	Сентябрь	2014
2014-09-27	9	Сентябрь	2014
2014-09-28	9	Сентябрь	2014
2014-09-29	9	Сентябрь	2014
2014-09-30	9	Сентябрь	2014
2014-10-01	10	Октябрь	2014
2014-10-02	10	Октябрь	2014
2014-10-03	10	Октябрь	2014
2014-10-04	10	Октябрь	2014
2014-10-05	10	Октябрь	2014
2014-10-06	10	Октябрь	2014
2014-10-07	10	Октябрь	2014
2014-10-08	10	Октябрь	2014
2014-10-09	10	Октябрь	2014
2014-10-10	10	Октябрь	2014
2014-10-11	10	Октябрь	2014
2014-10-12	10	Октябрь	2014
2014-10-13	10	Октябрь	2014
2014-10-14	10	Октябрь	2014
2014-10-15	10	Октябрь	2014
2014-10-16	10	Октябрь	2014
2014-10-17	10	Октябрь	2014
2014-10-18	10	Октябрь	2014
2014-10-19	10	Октябрь	2014
2014-10-20	10	Октябрь	2014
2014-10-21	10	Октябрь	2014
2014-10-22	10	Октябрь	2014
2014-10-23	10	Октябрь	2014
2014-10-24	10	Октябрь	2014
2014-10-25	10	Октябрь	2014
2014-10-26	10	Октябрь	2014
2014-10-27	10	Октябрь	2014
2014-10-28	10	Октябрь	2014
2014-10-29	10	Октябрь	2014
2014-10-30	10	Октябрь	2014
2014-10-31	10	Октябрь	2014
2014-11-01	11	Ноябрь	2014
2014-11-02	11	Ноябрь	2014
2014-11-03	11	Ноябрь	2014
2014-11-04	11	Ноябрь	2014
2014-11-05	11	Ноябрь	2014
2014-11-06	11	Ноябрь	2014
2014-11-07	11	Ноябрь	2014
2014-11-08	11	Ноябрь	2014
2014-11-09	11	Ноябрь	2014
2014-11-10	11	Ноябрь	2014
2014-11-11	11	Ноябрь	2014
2014-11-12	11	Ноябрь	2014
2014-11-13	11	Ноябрь	2014
2014-11-14	11	Ноябрь	2014
2014-11-15	11	Ноябрь	2014
2014-11-16	11	Ноябрь	2014
2014-11-17	11	Ноябрь	2014
2014-11-18	11	Ноябрь	2014
2014-11-19	11	Ноябрь	2014
2014-11-20	11	Ноябрь	2014
2014-11-21	11	Ноябрь	2014
2014-11-22	11	Ноябрь	2014
2014-11-23	11	Ноябрь	2014
2014-11-24	11	Ноябрь	2014
2014-11-25	11	Ноябрь	2014
2014-11-26	11	Ноябрь	2014
2014-11-27	11	Ноябрь	2014
2014-11-28	11	Ноябрь	2014
2014-11-29	11	Ноябрь	2014
2014-11-30	11	Ноябрь	2014
2014-12-01	12	Декабрь	2014
2014-12-02	12	Декабрь	2014
2014-12-03	12	Декабрь	2014
2014-12-04	12	Декабрь	2014
2014-12-05	12	Декабрь	2014
2014-12-06	12	Декабрь	2014
2014-12-07	12	Декабрь	2014
2014-12-08	12	Декабрь	2014
2014-12-09	12	Декабрь	2014
2014-12-10	12	Декабрь	2014
2014-12-11	12	Декабрь	2014
2014-12-12	12	Декабрь	2014
2014-12-13	12	Декабрь	2014
2014-12-14	12	Декабрь	2014
2014-12-15	12	Декабрь	2014
2014-12-16	12	Декабрь	2014
2014-12-17	12	Декабрь	2014
2014-12-18	12	Декабрь	2014
2014-12-19	12	Декабрь	2014
2014-12-20	12	Декабрь	2014
2014-12-21	12	Декабрь	2014
2014-12-22	12	Декабрь	2014
2014-12-23	12	Декабрь	2014
2014-12-24	12	Декабрь	2014
2014-12-25	12	Декабрь	2014
2014-12-26	12	Декабрь	2014
2014-12-27	12	Декабрь	2014
2014-12-28	12	Декабрь	2014
2014-12-29	12	Декабрь	2014
2014-12-30	12	Декабрь	2014
2014-12-31	12	Декабрь	2014
2013-01-01	1	Январь	2013
2013-01-02	1	Январь	2013
2013-01-03	1	Январь	2013
2013-01-04	1	Январь	2013
2013-01-05	1	Январь	2013
2013-01-06	1	Январь	2013
2013-01-07	1	Январь	2013
2013-01-08	1	Январь	2013
2013-01-09	1	Январь	2013
2013-01-10	1	Январь	2013
2013-01-11	1	Январь	2013
2013-01-12	1	Январь	2013
2013-01-13	1	Январь	2013
2013-01-14	1	Январь	2013
2013-01-15	1	Январь	2013
2013-01-16	1	Январь	2013
2013-01-17	1	Январь	2013
2013-01-18	1	Январь	2013
2013-01-19	1	Январь	2013
2013-01-20	1	Январь	2013
2013-01-21	1	Январь	2013
2013-01-22	1	Январь	2013
2013-01-23	1	Январь	2013
2013-01-24	1	Январь	2013
2013-01-25	1	Январь	2013
2013-01-26	1	Январь	2013
2013-01-27	1	Январь	2013
2013-01-28	1	Январь	2013
2013-01-29	1	Январь	2013
2013-01-30	1	Январь	2013
2013-01-31	1	Январь	2013
2013-02-01	2	Февраль	2013
2013-02-02	2	Февраль	2013
2013-02-03	2	Февраль	2013
2013-02-04	2	Февраль	2013
2013-02-05	2	Февраль	2013
2013-02-06	2	Февраль	2013
2013-02-07	2	Февраль	2013
2013-02-08	2	Февраль	2013
2013-02-09	2	Февраль	2013
2013-02-10	2	Февраль	2013
2013-02-11	2	Февраль	2013
2013-02-12	2	Февраль	2013
2013-02-13	2	Февраль	2013
2013-02-14	2	Февраль	2013
2013-02-15	2	Февраль	2013
2013-02-16	2	Февраль	2013
2013-02-17	2	Февраль	2013
2013-02-18	2	Февраль	2013
2013-02-19	2	Февраль	2013
2013-02-20	2	Февраль	2013
2013-02-21	2	Февраль	2013
2013-02-22	2	Февраль	2013
2013-02-23	2	Февраль	2013
2013-02-24	2	Февраль	2013
2013-02-25	2	Февраль	2013
2013-02-26	2	Февраль	2013
2013-02-27	2	Февраль	2013
2013-02-28	2	Февраль	2013
2013-03-01	3	Март	2013
2013-03-02	3	Март	2013
2013-03-03	3	Март	2013
2013-03-04	3	Март	2013
2013-03-05	3	Март	2013
2013-03-06	3	Март	2013
2013-03-07	3	Март	2013
2013-03-08	3	Март	2013
2013-03-09	3	Март	2013
2013-03-10	3	Март	2013
2013-03-11	3	Март	2013
2013-03-12	3	Март	2013
2013-03-13	3	Март	2013
2013-03-14	3	Март	2013
2013-03-15	3	Март	2013
2013-03-16	3	Март	2013
2013-03-17	3	Март	2013
2013-03-18	3	Март	2013
2013-03-19	3	Март	2013
2013-03-20	3	Март	2013
2013-03-21	3	Март	2013
2013-03-22	3	Март	2013
2013-03-23	3	Март	2013
2013-03-24	3	Март	2013
2013-03-25	3	Март	2013
2013-03-26	3	Март	2013
2013-03-27	3	Март	2013
2013-03-28	3	Март	2013
2013-03-29	3	Март	2013
2013-03-30	3	Март	2013
2013-03-31	3	Март	2013
2013-04-01	4	Апрель	2013
2013-04-02	4	Апрель	2013
2013-04-03	4	Апрель	2013
2013-04-04	4	Апрель	2013
2013-04-05	4	Апрель	2013
2013-04-06	4	Апрель	2013
2013-04-07	4	Апрель	2013
2013-04-08	4	Апрель	2013
2013-04-09	4	Апрель	2013
2013-04-10	4	Апрель	2013
2013-04-11	4	Апрель	2013
2013-04-12	4	Апрель	2013
2013-04-13	4	Апрель	2013
2013-04-14	4	Апрель	2013
2013-04-15	4	Апрель	2013
2013-04-16	4	Апрель	2013
2013-04-17	4	Апрель	2013
2013-04-18	4	Апрель	2013
2013-04-19	4	Апрель	2013
2013-04-20	4	Апрель	2013
2013-04-21	4	Апрель	2013
2013-04-22	4	Апрель	2013
2013-04-23	4	Апрель	2013
2013-04-24	4	Апрель	2013
2013-04-25	4	Апрель	2013
2013-04-26	4	Апрель	2013
2013-04-27	4	Апрель	2013
2013-04-28	4	Апрель	2013
2013-04-29	4	Апрель	2013
2013-04-30	4	Апрель	2013
2013-05-01	5	Май	2013
2013-05-02	5	Май	2013
2013-05-03	5	Май	2013
2013-05-04	5	Май	2013
2013-05-05	5	Май	2013
2013-05-06	5	Май	2013
2013-05-07	5	Май	2013
2013-05-08	5	Май	2013
2013-05-09	5	Май	2013
2013-05-10	5	Май	2013
2013-05-11	5	Май	2013
2013-05-12	5	Май	2013
2013-05-13	5	Май	2013
2013-05-14	5	Май	2013
2013-05-15	5	Май	2013
2013-05-16	5	Май	2013
2013-05-17	5	Май	2013
2013-05-18	5	Май	2013
2013-05-19	5	Май	2013
2013-05-20	5	Май	2013
2013-05-21	5	Май	2013
2013-05-22	5	Май	2013
2013-05-23	5	Май	2013
2013-05-24	5	Май	2013
2013-05-25	5	Май	2013
2013-05-26	5	Май	2013
2013-05-27	5	Май	2013
2013-05-28	5	Май	2013
2013-05-29	5	Май	2013
2013-05-30	5	Май	2013
2013-05-31	5	Май	2013
2013-06-01	6	Июнь	2013
2013-06-02	6	Июнь	2013
2013-06-03	6	Июнь	2013
2013-06-04	6	Июнь	2013
2013-06-05	6	Июнь	2013
2013-06-06	6	Июнь	2013
2013-06-07	6	Июнь	2013
2013-06-08	6	Июнь	2013
2013-06-09	6	Июнь	2013
2013-06-10	6	Июнь	2013
2013-06-11	6	Июнь	2013
2013-06-12	6	Июнь	2013
2013-06-13	6	Июнь	2013
2013-06-14	6	Июнь	2013
2013-06-15	6	Июнь	2013
2013-06-16	6	Июнь	2013
2013-06-17	6	Июнь	2013
2013-06-18	6	Июнь	2013
2013-06-19	6	Июнь	2013
2013-06-20	6	Июнь	2013
2013-06-21	6	Июнь	2013
2013-06-22	6	Июнь	2013
2013-06-23	6	Июнь	2013
2013-06-24	6	Июнь	2013
2013-06-25	6	Июнь	2013
2013-06-26	6	Июнь	2013
2013-06-27	6	Июнь	2013
2013-06-28	6	Июнь	2013
2013-06-29	6	Июнь	2013
2013-06-30	6	Июнь	2013
2013-07-01	7	Июль	2013
2013-07-02	7	Июль	2013
2013-07-03	7	Июль	2013
2013-07-04	7	Июль	2013
2013-07-05	7	Июль	2013
2013-07-06	7	Июль	2013
2013-07-07	7	Июль	2013
2013-07-08	7	Июль	2013
2013-07-09	7	Июль	2013
2013-07-10	7	Июль	2013
2013-07-11	7	Июль	2013
2013-07-12	7	Июль	2013
2013-07-13	7	Июль	2013
2013-07-14	7	Июль	2013
2013-07-15	7	Июль	2013
2013-07-16	7	Июль	2013
2013-07-17	7	Июль	2013
2013-07-18	7	Июль	2013
2013-07-19	7	Июль	2013
2013-07-20	7	Июль	2013
2013-07-21	7	Июль	2013
2013-07-22	7	Июль	2013
2013-07-23	7	Июль	2013
2013-07-24	7	Июль	2013
2013-07-25	7	Июль	2013
2013-07-26	7	Июль	2013
2013-07-27	7	Июль	2013
2013-07-28	7	Июль	2013
2013-07-29	7	Июль	2013
2013-07-30	7	Июль	2013
2013-07-31	7	Июль	2013
2013-08-01	8	Август	2013
2013-08-02	8	Август	2013
2013-08-03	8	Август	2013
2013-08-04	8	Август	2013
2013-08-05	8	Август	2013
2013-08-06	8	Август	2013
2013-08-07	8	Август	2013
2013-08-08	8	Август	2013
2013-08-09	8	Август	2013
2013-08-10	8	Август	2013
2013-08-11	8	Август	2013
2013-08-12	8	Август	2013
2013-08-13	8	Август	2013
2013-08-14	8	Август	2013
2013-08-15	8	Август	2013
2013-08-16	8	Август	2013
2013-08-17	8	Август	2013
2013-08-18	8	Август	2013
2013-08-19	8	Август	2013
2013-08-20	8	Август	2013
2013-08-21	8	Август	2013
2013-08-22	8	Август	2013
2013-08-23	8	Август	2013
2013-08-24	8	Август	2013
2013-08-25	8	Август	2013
2013-08-26	8	Август	2013
2013-08-27	8	Август	2013
2013-08-28	8	Август	2013
2013-08-29	8	Август	2013
2013-08-30	8	Август	2013
2013-08-31	8	Август	2013
2013-09-01	9	Сентябрь	2013
2013-09-02	9	Сентябрь	2013
2013-09-03	9	Сентябрь	2013
2013-09-04	9	Сентябрь	2013
2013-09-05	9	Сентябрь	2013
2013-09-06	9	Сентябрь	2013
2013-09-07	9	Сентябрь	2013
2013-09-08	9	Сентябрь	2013
2013-09-09	9	Сентябрь	2013
2013-09-10	9	Сентябрь	2013
2013-09-11	9	Сентябрь	2013
2013-09-12	9	Сентябрь	2013
2013-09-13	9	Сентябрь	2013
2013-09-14	9	Сентябрь	2013
2013-09-15	9	Сентябрь	2013
2013-09-16	9	Сентябрь	2013
2013-09-17	9	Сентябрь	2013
2013-09-18	9	Сентябрь	2013
2013-09-19	9	Сентябрь	2013
2013-09-20	9	Сентябрь	2013
2013-09-21	9	Сентябрь	2013
2013-09-22	9	Сентябрь	2013
2013-09-23	9	Сентябрь	2013
2013-09-24	9	Сентябрь	2013
2013-09-25	9	Сентябрь	2013
2013-09-26	9	Сентябрь	2013
2013-09-27	9	Сентябрь	2013
2013-09-28	9	Сентябрь	2013
2013-09-29	9	Сентябрь	2013
2013-09-30	9	Сентябрь	2013
2013-10-01	10	Октябрь	2013
2013-10-02	10	Октябрь	2013
2013-10-03	10	Октябрь	2013
2013-10-04	10	Октябрь	2013
2013-10-05	10	Октябрь	2013
2013-10-06	10	Октябрь	2013
2013-10-07	10	Октябрь	2013
2013-10-08	10	Октябрь	2013
2013-10-09	10	Октябрь	2013
2013-10-10	10	Октябрь	2013
2013-10-11	10	Октябрь	2013
2013-10-12	10	Октябрь	2013
2013-10-13	10	Октябрь	2013
2013-10-14	10	Октябрь	2013
2013-10-15	10	Октябрь	2013
2013-10-16	10	Октябрь	2013
2013-10-17	10	Октябрь	2013
2013-10-18	10	Октябрь	2013
2013-10-19	10	Октябрь	2013
2013-10-20	10	Октябрь	2013
2013-10-21	10	Октябрь	2013
2013-10-22	10	Октябрь	2013
2013-10-23	10	Октябрь	2013
2013-10-24	10	Октябрь	2013
2013-10-25	10	Октябрь	2013
2013-10-26	10	Октябрь	2013
2013-10-27	10	Октябрь	2013
2013-10-28	10	Октябрь	2013
2013-10-29	10	Октябрь	2013
2013-10-30	10	Октябрь	2013
2013-10-31	10	Октябрь	2013
2013-11-01	11	Ноябрь	2013
2013-11-02	11	Ноябрь	2013
2013-11-03	11	Ноябрь	2013
2013-11-04	11	Ноябрь	2013
2013-11-05	11	Ноябрь	2013
2013-11-06	11	Ноябрь	2013
2013-11-07	11	Ноябрь	2013
2013-11-08	11	Ноябрь	2013
2013-11-09	11	Ноябрь	2013
2013-11-10	11	Ноябрь	2013
2013-11-11	11	Ноябрь	2013
2013-11-12	11	Ноябрь	2013
2013-11-13	11	Ноябрь	2013
2013-11-14	11	Ноябрь	2013
2013-11-15	11	Ноябрь	2013
2013-11-16	11	Ноябрь	2013
2013-11-17	11	Ноябрь	2013
2013-11-18	11	Ноябрь	2013
2013-11-19	11	Ноябрь	2013
2013-11-20	11	Ноябрь	2013
2013-11-21	11	Ноябрь	2013
2013-11-22	11	Ноябрь	2013
2013-11-23	11	Ноябрь	2013
2013-11-24	11	Ноябрь	2013
2013-11-25	11	Ноябрь	2013
2013-11-26	11	Ноябрь	2013
2013-11-27	11	Ноябрь	2013
2013-11-28	11	Ноябрь	2013
2013-11-29	11	Ноябрь	2013
2013-11-30	11	Ноябрь	2013
2013-12-01	12	Декабрь	2013
2013-12-02	12	Декабрь	2013
2013-12-03	12	Декабрь	2013
2013-12-04	12	Декабрь	2013
2013-12-05	12	Декабрь	2013
2013-12-06	12	Декабрь	2013
2013-12-07	12	Декабрь	2013
2013-12-08	12	Декабрь	2013
2013-12-09	12	Декабрь	2013
2013-12-10	12	Декабрь	2013
2013-12-11	12	Декабрь	2013
2013-12-12	12	Декабрь	2013
2013-12-13	12	Декабрь	2013
2013-12-14	12	Декабрь	2013
2013-12-15	12	Декабрь	2013
2013-12-16	12	Декабрь	2013
2013-12-17	12	Декабрь	2013
2013-12-18	12	Декабрь	2013
2013-12-19	12	Декабрь	2013
2013-12-20	12	Декабрь	2013
2013-12-21	12	Декабрь	2013
2013-12-22	12	Декабрь	2013
2013-12-23	12	Декабрь	2013
2013-12-24	12	Декабрь	2013
2013-12-25	12	Декабрь	2013
2013-12-26	12	Декабрь	2013
2013-12-27	12	Декабрь	2013
2013-12-28	12	Декабрь	2013
2013-12-29	12	Декабрь	2013
2013-12-30	12	Декабрь	2013
2013-12-31	12	Декабрь	2013
\.


--
-- TOC entry 2249 (class 0 OID 148731)
-- Dependencies: 169 2277
-- Data for Name: dictionary; Type: TABLE DATA; Schema: public; Owner: postgres
--

COPY dictionary (id, name) FROM stdin;
2	справочник типов активностей
4	статус проекта
1	справочник активностей
5	Место работы
6	Справочник оснований болезни
7	Справочник типов командировок
8	Статусы согласования
9	Типы отпусков
10	Причины недоработок
11	Причины переработок
12	Типы активности для планирования
13	Типы компенсации
14	Причины работы в выходной день
15	Справочник оценок объёма работ на следующий день
\.


--
-- TOC entry 2250 (class 0 OID 148734)
-- Dependencies: 170 2277
-- Data for Name: dictionary_item; Type: TABLE DATA; Schema: public; Owner: postgres
--

COPY dictionary_item (id, value, dict_id) FROM stdin;
11	Решение вопросов с персоналом	1
32	Управление субподрядом	1
29	Управление командой	1
24	Отгул за переработки	2
2	Управление требованиями	1
3	Проектирование	1
4	Разработка	1
5	Исследовательские работы	1
6	Исправление ошибок	1
9	Обучение	1
10	Подбор персонала	1
26	Совещания	1
27	Ревью проектных документов	1
28	Подготовка и развертывание сборок	1
30	Проектирование тестовых сценариев	1
33	Разработка эксплуатационной документации	1
34	Приемо-сдаточные испытания	1
35	Анализ проблем	1
36	Другое	1
37	Подготовка ТКП	1
41	Простой	1
16	Отпуск	2
17	Болезнь	2
21	Пресейл	4
22	Активный	4
23	Закрытый	4
1	Управление проектом	1
8	Управление инфраструктурой проекта	1
7	Проведение тестирования	1
18	Не рабочий день	2
12	Проект	2
13	Пресейл	2
15	Отгул	2
14	Непроектная	2
42	Проектный пресейл	2
43	Подготовка	1
44	Общение	1
45	Управление	1
46	Тестирование	1
47	ПО	1
48	Документы	1
49	В офисе	5
50	Дома	5
51	У заказчика	5
52	Другое	5
53	Больничный	6
54	Данные сотрудника	6
55	Проектная	7
56	Внепроектная	7
57	На согласовании РПГ	8
58	Согласовано РПГ	8
59	На согласовании ЛР	8
60	Утверждено	8
61	Отклонено	8
62	Отпуск с сохранением содержания	9
63	Отпуск без сохранения содержания	9
64	Отпуск с последующей отработкой	9
100	Отпросился	10
101	Плохо себя чувствовал	10
102	Опоздал	10
103	Для меня нет задач	10
104	В офисе произошло ЧП	10
105	Другое	10
106	У меня большой объем задач, не успеваю справляться в рабочее время	11
107	Моя собственная инициатива	11
108	Просьба руководителя	11
109	Отрабатываю время за предыдущие (последующие) дни	11
110	Другое	11
111	Работа на другие центры	12
112	Непроектная	12
113	Болезнь	12
114	Отпуск	12
115	финансовая компенсация	13
116	отгул	13
117	ничего не нужно	13
118	У меня большой объем задач - не успеваю в рабочее время	14
119	Моя собственная инициатива	14
120	Просьба руководителя	14
121	Отрабатываю время за предыдущие (последующие) дни	14
122	Другое	14
124	Корпоративное мероприятие	10
65	Планируемый отпуск	9
125	Все нормально	15
126	У меня будет мало работы	15
127	Я буду перегружен(а)	15
\.


--
-- TOC entry 2251 (class 0 OID 148737)
-- Dependencies: 171 2277
-- Data for Name: division; Type: TABLE DATA; Schema: public; Owner: postgres
--

COPY division (id, active, ldap_name, leader, name, leader_id, ldap_object_sid, not_to_sync, department_name, sync_employee, ischeck, email, plans_required, vacation_email) FROM stdin;
1	t	Администрация	Name Boss	Администрация	1	\N	t	Производственная служба,Администрация	t	t	\N	t	\N
2	t	Центр №1	Name Manager A	Центр №1	620	\N	f	Центр №1	t	t	\N	f	\N
3	t	Центр №2	Name Manager B	Центр №2	621	\N	f	Центр №2	t	t	\N	f	\N
4	t	Центр №3	Name Manager C	Центр №3	622	\N	f	Центр №3	t	t	\N	f	\N
\.


--
-- TOC entry 2252 (class 0 OID 148745)
-- Dependencies: 172 2277
-- Data for Name: division_project; Type: TABLE DATA; Schema: public; Owner: postgres
--

COPY division_project (division_id, project_id) FROM stdin;
2	1
2	3
3	2
3	4
4	1
4	2
4	3
4	4
\.


--
-- TOC entry 2248 (class 0 OID 148715)
-- Dependencies: 167 2277
-- Data for Name: employee; Type: TABLE DATA; Schema: public; Owner: postgres
--

COPY employee (id, archived, email, name, not_to_sync, start_date, division, job, manager, region, ldap, end_date, ldap_object_sid, job_rate, manager2, billable) FROM stdin;
624	f	DeveloperA1@example.com	Name Developer A1	f	2001-01-01	2	16	620	2	cn=DeveloperA1,ou=Regional Offices,dc=example,dc=com	\N	\N	1	\N	t
628	f	DeveloperB3@example.com	Name Developer B3	f	2001-01-01	3	16	621	2	cn=DeveloperB3,ou=Regional Offices,dc=example,dc=com	\N	\N	1	\N	t
626	f	DeveloperB1@example.com	Name Developer B1	f	2001-01-01	3	16	620	3	cn=DeveloperB1,ou=Users,dc=example,dc=com	\N	\N	1	\N	t
627	f	DeveloperB2@example.com	Name Developer B2	f	2001-01-01	3	16	621	4	cn=DeveloperB2,ou=Regional Offices,dc=example,dc=com	2012-09-18	\N	1	\N	t
623	f	AnalystA2@example.com	Name Analyst A2	f	2001-01-01	2	15	620	2	cn=AnalystA2,ou=Regional Offices,dc=example,dc=com	\N	\N	1	\N	t
625	f	AnalystA1@example.com	Name Analyst A1	f	2001-01-01	2	15	620	3	cn=AnalystA1,ou=Users,dc=example,dc=com	\N	\N	1	\N	t
629	f	TesterC1@example.com	Name Tester C1	f	2001-01-01	4	17	622	2	cn=TesterC1,ou=Regional Offices,dc=example,dc=com	\N	\N	1	\N	t
631	f	TesterC3@example.com	Name Tester C3	f	2001-01-01	4	17	622	4	cn=TesterC3,ou=Regional Offices,dc=example,dc=com	\N	\N	1	\N	t
630	f	TesterC2@example.com	Name Tester C2	f	2001-01-01	4	17	622	3	cn=TesterC2,ou=Users,dc=example,dc=com	\N	\N	1	\N	t
1	f	Boss@example.com	Name Boss	f	2001-01-01	1	19	\N	3	cn=Boss,ou=Users,dc=example,dc=com	\N	\N	1	\N	t
620	f	ManagerA@example.com	Name Manager A	f	2001-01-01	2	19	\N	3	cn=ManagerA,ou=Users,dc=example,dc=com	\N	\N	1	\N	t
621	f	ManagerB@example.com	Name Manager B	f	2001-01-01	3	19	\N	3	cn=ManagerB,ou=Users,dc=example,dc=com	\N	\N	1	\N	t
622	f	ManagerC@example.com	Name Manager C	f	2001-01-01	4	19	\N	3	cn=ManagerC,ou=Users,dc=example,dc=com	\N	\N	1	\N	t
\.


--
-- TOC entry 2253 (class 0 OID 148760)
-- Dependencies: 179 2277
-- Data for Name: employee_assistant; Type: TABLE DATA; Schema: public; Owner: postgres
--

COPY employee_assistant (id, employee_id, assistant_id) FROM stdin;
\.


--
-- TOC entry 2254 (class 0 OID 148768)
-- Dependencies: 181 2277
-- Data for Name: employee_involved; Type: TABLE DATA; Schema: public; Owner: postgres
--

COPY employee_involved (id, percent_of_involving, period_of_involving, employee, project) FROM stdin;
\.


--
-- TOC entry 2255 (class 0 OID 148772)
-- Dependencies: 182 2277
-- Data for Name: employee_permissions; Type: TABLE DATA; Schema: public; Owner: postgres
--

COPY employee_permissions (id, permission_id, employee_id) FROM stdin;
1	3	1
2	2	620
3	2	621
4	2	622
5	1	623
6	1	624
7	1	625
8	1	628
9	1	626
10	1	627
11	1	629
12	1	631
13	1	630
\.


--
-- TOC entry 2256 (class 0 OID 148776)
-- Dependencies: 183 2277
-- Data for Name: employee_plan; Type: TABLE DATA; Schema: public; Owner: postgres
--

COPY employee_plan (id, employee_id, item_id, year, month, value) FROM stdin;
\.


--
-- TOC entry 2257 (class 0 OID 148780)
-- Dependencies: 184 2277
-- Data for Name: employee_project_billable; Type: TABLE DATA; Schema: public; Owner: postgres
--

COPY employee_project_billable (id, billable, employee_id, project_id) FROM stdin;
\.


--
-- TOC entry 2258 (class 0 OID 148783)
-- Dependencies: 185 2277
-- Data for Name: employee_project_plan; Type: TABLE DATA; Schema: public; Owner: postgres
--

COPY employee_project_plan (id, employee_id, project_id, year, month, value) FROM stdin;
\.


--
-- TOC entry 2259 (class 0 OID 148787)
-- Dependencies: 186 2277
-- Data for Name: employee_token; Type: TABLE DATA; Schema: public; Owner: postgres
--

COPY employee_token (key, employee_id) FROM stdin;
\.


--
-- TOC entry 2262 (class 0 OID 148819)
-- Dependencies: 194 2277
-- Data for Name: holiday; Type: TABLE DATA; Schema: public; Owner: postgres
--

COPY holiday (id, caldate, region) FROM stdin;
1	2011-01-01	\N
2	2011-01-02	\N
3	2011-01-08	\N
4	2011-01-09	\N
5	2011-01-15	\N
6	2011-01-16	\N
7	2011-01-22	\N
8	2011-01-23	\N
9	2011-01-29	\N
10	2011-01-30	\N
11	2011-02-05	\N
12	2011-02-06	\N
13	2011-02-12	\N
14	2011-02-13	\N
15	2011-02-19	\N
16	2011-02-20	\N
17	2011-02-26	\N
18	2011-02-27	\N
19	2011-03-05	\N
20	2011-03-06	\N
21	2011-03-12	\N
22	2011-03-13	\N
23	2011-03-19	\N
24	2011-03-20	\N
25	2011-03-26	\N
26	2011-03-27	\N
27	2011-04-02	\N
28	2011-04-03	\N
29	2011-04-09	\N
30	2011-04-10	\N
31	2011-04-16	\N
32	2011-04-17	\N
33	2011-04-23	\N
34	2011-04-24	\N
35	2011-04-30	\N
36	2011-05-01	\N
37	2011-05-07	\N
38	2011-05-08	\N
39	2011-05-14	\N
40	2011-05-15	\N
41	2011-05-21	\N
42	2011-05-22	\N
43	2011-05-28	\N
44	2011-05-29	\N
45	2011-06-04	\N
46	2011-06-05	\N
47	2011-06-11	\N
48	2011-06-12	\N
49	2011-06-18	\N
50	2011-06-19	\N
51	2011-06-25	\N
52	2011-06-26	\N
53	2011-07-02	\N
54	2011-07-03	\N
55	2011-07-09	\N
56	2011-07-10	\N
57	2011-07-16	\N
58	2011-07-17	\N
59	2011-07-23	\N
60	2011-07-24	\N
61	2011-07-30	\N
62	2011-07-31	\N
63	2011-08-06	\N
64	2011-08-07	\N
65	2011-08-13	\N
66	2011-08-14	\N
67	2011-08-20	\N
68	2011-08-21	\N
69	2011-08-27	\N
70	2011-08-28	\N
71	2011-09-03	\N
72	2011-09-04	\N
73	2011-09-10	\N
74	2011-09-11	\N
75	2011-09-17	\N
76	2011-09-18	\N
77	2011-09-24	\N
78	2011-09-25	\N
79	2011-10-01	\N
80	2011-10-02	\N
81	2011-10-08	\N
82	2011-10-09	\N
83	2011-10-15	\N
84	2011-10-16	\N
85	2011-10-22	\N
86	2011-10-23	\N
87	2011-10-29	\N
88	2011-10-30	\N
89	2011-11-04	\N
90	2011-11-05	\N
91	2011-11-06	\N
92	2011-11-07	2
93	2011-11-12	\N
94	2011-11-13	\N
95	2011-11-19	\N
96	2011-11-20	\N
97	2011-11-26	\N
98	2011-11-27	\N
99	2011-12-03	\N
100	2011-12-04	\N
101	2011-12-10	\N
102	2011-12-11	\N
103	2011-12-17	\N
104	2011-12-18	\N
105	2011-12-24	\N
106	2011-12-25	\N
107	2011-12-31	\N
108	2012-01-01	\N
109	2012-01-02	\N
110	2012-01-03	\N
111	2012-01-04	\N
112	2012-01-05	\N
113	2012-01-06	\N
114	2012-01-07	\N
115	2012-01-08	\N
116	2012-01-09	\N
117	2012-01-14	\N
118	2012-01-15	\N
119	2012-01-21	\N
120	2012-01-22	\N
121	2012-01-28	\N
122	2012-01-29	\N
123	2012-02-04	\N
124	2012-02-05	\N
125	2012-02-11	\N
126	2012-02-12	\N
127	2012-02-18	\N
128	2012-02-19	\N
130	2012-02-25	\N
131	2012-02-26	\N
132	2012-03-03	\N
133	2012-03-04	\N
136	2012-03-10	\N
137	2012-03-17	\N
138	2012-03-18	\N
139	2012-03-24	\N
140	2012-03-25	\N
141	2012-03-31	\N
142	2012-04-01	\N
143	2012-04-07	\N
144	2012-04-08	\N
145	2012-04-14	\N
146	2012-04-15	\N
147	2012-04-21	\N
148	2012-04-22	\N
149	2012-04-29	\N
152	2012-05-06	\N
156	2012-05-13	\N
157	2012-05-19	\N
158	2012-05-20	\N
159	2012-05-26	\N
160	2012-05-27	\N
161	2012-06-02	\N
162	2012-06-03	\N
164	2012-06-10	\N
165	2012-06-16	\N
166	2012-06-17	\N
167	2012-06-23	\N
168	2012-06-24	\N
169	2012-06-30	\N
170	2012-07-01	\N
171	2012-07-07	\N
172	2012-07-08	\N
173	2012-07-14	\N
174	2012-07-15	\N
175	2012-07-21	\N
176	2012-07-22	\N
177	2012-07-28	\N
178	2012-07-29	\N
179	2012-08-04	\N
180	2012-08-05	\N
181	2012-08-11	\N
182	2012-08-12	\N
183	2012-08-18	\N
184	2012-08-19	\N
185	2012-08-25	\N
186	2012-08-26	\N
187	2012-09-01	\N
188	2012-09-02	\N
189	2012-09-08	\N
190	2012-09-09	\N
191	2012-09-15	\N
192	2012-09-16	\N
193	2012-09-22	\N
194	2012-09-23	\N
195	2012-09-29	\N
196	2012-09-30	\N
197	2012-10-06	\N
198	2012-10-07	\N
199	2012-10-13	\N
200	2012-10-14	\N
201	2012-10-20	\N
202	2012-10-21	\N
203	2012-10-27	\N
204	2012-10-28	\N
205	2012-11-03	\N
206	2012-11-04	\N
207	2012-11-10	\N
208	2012-11-11	\N
209	2012-11-17	\N
210	2012-11-18	\N
211	2012-11-24	\N
212	2012-11-25	\N
213	2012-12-01	\N
214	2012-12-02	\N
215	2012-12-08	\N
216	2012-12-09	\N
217	2012-12-15	\N
218	2012-12-16	\N
219	2012-12-22	\N
220	2012-12-23	\N
221	2012-12-29	\N
222	2012-12-30	\N
129	2012-02-23	\N
134	2012-03-08	\N
135	2012-03-09	\N
151	2012-05-01	\N
150	2012-04-30	\N
153	2012-05-07	\N
154	2012-05-08	\N
155	2012-05-09	\N
163	2012-06-11	\N
223	2012-06-12	\N
224	2012-08-20	2
250	2014-01-04	\N
251	2014-01-05	\N
252	2014-01-11	\N
253	2014-01-12	\N
254	2014-01-18	\N
255	2014-01-19	\N
256	2014-01-25	\N
257	2014-01-26	\N
258	2014-02-01	\N
259	2014-02-02	\N
260	2014-02-08	\N
261	2014-02-09	\N
262	2014-02-15	\N
263	2014-02-16	\N
264	2014-02-22	\N
265	2014-02-23	\N
266	2014-03-01	\N
267	2014-03-02	\N
268	2014-03-08	\N
269	2014-03-09	\N
270	2014-03-15	\N
271	2014-03-16	\N
272	2014-03-22	\N
273	2014-03-23	\N
274	2014-03-29	\N
275	2014-03-30	\N
276	2014-04-05	\N
277	2014-04-06	\N
278	2014-04-12	\N
279	2014-04-13	\N
280	2014-04-19	\N
281	2014-04-20	\N
282	2014-04-26	\N
283	2014-04-27	\N
284	2014-05-03	\N
285	2014-05-04	\N
286	2014-05-10	\N
287	2014-05-11	\N
288	2014-05-17	\N
289	2014-05-18	\N
290	2014-05-24	\N
291	2014-05-25	\N
292	2014-05-31	\N
293	2014-06-01	\N
294	2014-06-07	\N
295	2014-06-08	\N
296	2014-06-14	\N
297	2014-06-15	\N
298	2014-06-21	\N
299	2014-06-22	\N
300	2014-06-28	\N
301	2014-06-29	\N
302	2014-07-05	\N
303	2014-07-06	\N
304	2014-07-12	\N
305	2014-07-13	\N
306	2014-07-19	\N
307	2014-07-20	\N
308	2014-07-26	\N
309	2014-07-27	\N
310	2014-08-02	\N
311	2014-08-03	\N
312	2014-08-09	\N
313	2014-08-10	\N
314	2014-08-16	\N
315	2014-08-17	\N
316	2014-08-23	\N
317	2014-08-24	\N
318	2014-08-30	\N
319	2014-08-31	\N
320	2014-09-06	\N
321	2014-09-07	\N
322	2014-09-13	\N
323	2014-09-14	\N
324	2014-09-20	\N
325	2014-09-21	\N
326	2014-09-27	\N
327	2014-09-28	\N
328	2014-10-04	\N
329	2014-10-05	\N
330	2014-10-11	\N
331	2014-10-12	\N
332	2014-10-18	\N
333	2014-10-19	\N
334	2014-10-25	\N
335	2014-10-26	\N
336	2014-11-01	\N
337	2014-11-02	\N
338	2014-11-08	\N
339	2014-11-09	\N
340	2014-11-15	\N
341	2014-11-16	\N
342	2014-11-22	\N
343	2014-11-23	\N
344	2014-11-29	\N
345	2014-11-30	\N
346	2014-12-06	\N
347	2014-12-07	\N
348	2014-12-13	\N
349	2014-12-14	\N
350	2014-12-20	\N
351	2014-12-21	\N
352	2014-12-27	\N
353	2014-12-28	\N
354	2013-01-05	\N
355	2013-01-06	\N
356	2013-01-12	\N
357	2013-01-13	\N
358	2013-01-19	\N
359	2013-01-20	\N
360	2013-01-26	\N
361	2013-01-27	\N
362	2013-02-02	\N
363	2013-02-03	\N
364	2013-02-09	\N
365	2013-02-10	\N
366	2013-02-16	\N
367	2013-02-17	\N
368	2013-02-23	\N
369	2013-02-24	\N
370	2013-03-02	\N
371	2013-03-03	\N
372	2013-03-09	\N
373	2013-03-10	\N
374	2013-03-16	\N
375	2013-03-17	\N
376	2013-03-23	\N
377	2013-03-24	\N
378	2013-03-30	\N
379	2013-03-31	\N
380	2013-04-06	\N
381	2013-04-07	\N
382	2013-04-13	\N
383	2013-04-14	\N
384	2013-04-20	\N
385	2013-04-21	\N
386	2013-04-27	\N
387	2013-04-28	\N
388	2013-05-04	\N
389	2013-05-05	\N
390	2013-05-11	\N
391	2013-05-12	\N
392	2013-05-18	\N
393	2013-05-19	\N
394	2013-05-25	\N
395	2013-05-26	\N
396	2013-06-01	\N
397	2013-06-02	\N
398	2013-06-08	\N
399	2013-06-09	\N
400	2013-06-15	\N
401	2013-06-16	\N
402	2013-06-22	\N
403	2013-06-23	\N
404	2013-06-29	\N
405	2013-06-30	\N
406	2013-07-06	\N
407	2013-07-07	\N
408	2013-07-13	\N
409	2013-07-14	\N
410	2013-07-20	\N
411	2013-07-21	\N
412	2013-07-27	\N
413	2013-07-28	\N
414	2013-08-03	\N
415	2013-08-04	\N
416	2013-08-10	\N
417	2013-08-11	\N
418	2013-08-17	\N
419	2013-08-18	\N
420	2013-08-24	\N
421	2013-08-25	\N
422	2013-08-31	\N
423	2013-09-01	\N
424	2013-09-07	\N
425	2013-09-08	\N
426	2013-09-14	\N
427	2013-09-15	\N
428	2013-09-21	\N
429	2013-09-22	\N
430	2013-09-28	\N
431	2013-09-29	\N
432	2013-10-05	\N
433	2013-10-06	\N
434	2013-10-12	\N
435	2013-10-13	\N
436	2013-10-19	\N
437	2013-10-20	\N
438	2013-10-26	\N
439	2013-10-27	\N
440	2013-11-02	\N
441	2013-11-03	\N
442	2013-11-09	\N
443	2013-11-10	\N
444	2013-11-16	\N
445	2013-11-17	\N
446	2013-11-23	\N
447	2013-11-24	\N
448	2013-11-30	\N
449	2013-12-01	\N
450	2013-12-07	\N
451	2013-12-08	\N
452	2013-12-14	\N
453	2013-12-15	\N
454	2013-12-21	\N
455	2013-12-22	\N
456	2013-12-28	\N
457	2013-12-29	\N
\.


--
-- TOC entry 2263 (class 0 OID 148825)
-- Dependencies: 196 2277
-- Data for Name: illness; Type: TABLE DATA; Schema: public; Owner: postgres
--

COPY illness (id, employee_id, begin_date, end_date, reason_id, comment) FROM stdin;
10	623	2013-02-19	2013-02-19	53	ghdjgf hgk yhk g
\.


--
-- TOC entry 2264 (class 0 OID 148831)
-- Dependencies: 198 2277
-- Data for Name: manager; Type: TABLE DATA; Schema: public; Owner: postgres
--

COPY manager (id, division_id, employee_id, region_id) FROM stdin;
\.


--
-- TOC entry 2265 (class 0 OID 148837)
-- Dependencies: 200 2277
-- Data for Name: overtime_cause; Type: TABLE DATA; Schema: public; Owner: postgres
--

COPY overtime_cause (id, timesheet_id, overtime_cause_id, comment, compensation_id) FROM stdin;
10	23940	107		\N
20	23950	103		\N
\.


--
-- TOC entry 2266 (class 0 OID 148841)
-- Dependencies: 201 2277
-- Data for Name: permission; Type: TABLE DATA; Schema: public; Owner: postgres
--

COPY permission (id, name) FROM stdin;
1	Обычные права сотрудника                          
2	Формирование отчетов                              
3	Администрирование системы                         
4	Просмотр болезней и командировок всех сотрудников 
5	Изменение болезней и командировок всех сотрудников
6	Просмотр планов                                   
7	Изменение планов                                  
\.


--
-- TOC entry 2267 (class 0 OID 148852)
-- Dependencies: 206 2277
-- Data for Name: project; Type: TABLE DATA; Schema: public; Owner: postgres
--

COPY project (id, active, cq_required, name, manager, state, projectid, start_date, end_date) FROM stdin;
1	t	t	Project 1	620	12	\N	2011-01-01	2015-01-01
2	t	f	Project 2	621	12	\N	2011-01-01	2015-01-01
3	t	f	Presale 1	620	13	\N	2011-01-01	2015-01-01
4	t	f	Presale 2	621	13	\N	2011-01-01	2015-01-01
\.


--
-- TOC entry 2268 (class 0 OID 148861)
-- Dependencies: 207 2277
-- Data for Name: project_participant; Type: TABLE DATA; Schema: public; Owner: postgres
--

COPY project_participant (id, active, employee, project, project_role) FROM stdin;
\.


--
-- TOC entry 2269 (class 0 OID 148866)
-- Dependencies: 208 2277
-- Data for Name: project_role; Type: TABLE DATA; Schema: public; Owner: postgres
--

COPY project_role (id, active, code, ldap_title, name) FROM stdin;
15	t	AN	Технический писатель,Инженер-аналитик,Старший инженер-аналитик,Ассистент инженера-аналитика,Администратор проекта	Аналитик
16	t	DV	Инженер-программист,Специалист по разработке ПО,Инженер-разработчик,Ведущий инженер-программист,Ведущий инженер-разработчик,Старший инженер-программист,Ассистент инженера-программиста,Руководитель группы разработки,Старший разработчик БД	Разработчик
17	t	TST	Инженер-тестировщик,Старший инженер-тестировщик,Ведущий инженер-тестировщик,Специалист по тестированию ПО,Тест-аналитик	Тестировщик
18	t	SI	Системный инженер,Старший системный инженер	Системный инженер
19	t	DR	Руководитель центра компетенции,Руководитель СК,Руководитель направления тестирования,Руководитель центра тестирования,Заместитель руководителя центра тестирования,Ведущий руководитель проекта,Руководитель проекта,Старший руководитель проекта	Руководитель
10	t	ND		Не определена
\.


--
-- TOC entry 2270 (class 0 OID 148873)
-- Dependencies: 209 2277
-- Data for Name: project_role_permissions; Type: TABLE DATA; Schema: public; Owner: postgres
--

COPY project_role_permissions (id, permission_id, project_role_id) FROM stdin;
7	1	15
8	1	16
9	1	17
10	3	18
11	2	19
4	1	16
6	1	15
5	1	17
2	1	10
3	3	19
1	2	19
\.


--
-- TOC entry 2271 (class 0 OID 148877)
-- Dependencies: 210 2277
-- Data for Name: project_task; Type: TABLE DATA; Schema: public; Owner: postgres
--

COPY project_task (id, active, cq_id, description, project) FROM stdin;
1	t	CQ00001	task 1	1
2	t	CQ00002	task 2	1
\.


--
-- TOC entry 2272 (class 0 OID 148885)
-- Dependencies: 211 2277
-- Data for Name: region; Type: TABLE DATA; Schema: public; Owner: postgres
--

COPY region (id, name, ldap_city, additional_emails) FROM stdin;
3	Москва	MSK	\N
2	Уфа	UFA	\N
4	Екатеринбург	EKT	\N
1	Остальные регионы	OTH	\N
\.


--
-- TOC entry 2273 (class 0 OID 148893)
-- Dependencies: 213 2277
-- Data for Name: reportcheck; Type: TABLE DATA; Schema: public; Owner: postgres
--

COPY reportcheck (id, checkdate, rnotsendnum, sundaycheck, division, employee) FROM stdin;
67330	2013-02-19	36	f	2	625
67331	2013-02-19	34	f	2	623
67332	2013-02-19	36	f	2	624
67333	2013-02-19	36	f	3	626
67334	2013-02-19	36	f	3	628
67335	2013-02-19	36	f	4	629
67336	2013-02-19	36	f	4	630
67337	2013-02-19	36	f	4	631
\.


--
-- TOC entry 2260 (class 0 OID 148795)
-- Dependencies: 188 2277
-- Data for Name: time_sheet; Type: TABLE DATA; Schema: public; Owner: postgres
--

COPY time_sheet (id, plan, caldate, emp_id, state, creation_date, effort_id) FROM stdin;
23920	1	2012-09-18	631	\N	\N	125
23930	 fgjhgh gkhhjk	2012-12-31	623	\N	2013-02-19	125
23940	df jfg jgj ghj	2013-02-04	623	\N	2013-02-19	125
23950	j fgj fgjghj ghj gfj	2013-02-05	623	\N	2013-02-19	125
\.


--
-- TOC entry 2261 (class 0 OID 148804)
-- Dependencies: 190 2277
-- Data for Name: time_sheet_detail; Type: TABLE DATA; Schema: public; Owner: postgres
--

COPY time_sheet_detail (id, cq_id, description, duration, other, problem, act_cat, act_type, proj_id, time_sheet_id, workplace_id, projectrole_id, task_id) FROM stdin;
33740	CQ00001	1	1.0	\N		7	12	1	23920	\N	\N	\N
33750	CQ00001	th trdh gj hg khg	8.0	\N		48	12	1	23930	49	15	1
33760	CQ00002	fghj fgj gjg hj ghjh	12.0	\N		44	12	1	23940	52	15	2
33770	CQ00001	fgh fh gfjg hg	5.0	\N		48	12	1	23950	49	16	1
\.


--
-- TOC entry 2274 (class 0 OID 148900)
-- Dependencies: 215 2277
-- Data for Name: vacation; Type: TABLE DATA; Schema: public; Owner: postgres
--

COPY vacation (id, creation_date, employee_id, begin_date, end_date, type_id, status_id, comment, author_id) FROM stdin;
10	2013-02-19	623	2014-01-01	2014-01-16	62	57	trh rytjfukhg                                                                                                                                                                                                                                                                                                                                                                                                   	623
\.


--
-- TOC entry 2275 (class 0 OID 148906)
-- Dependencies: 217 2277
-- Data for Name: vacation_approval; Type: TABLE DATA; Schema: public; Owner: postgres
--

COPY vacation_approval (id, vacation_id, manager_id, request_datetime, response_datetime, uid, result) FROM stdin;
5085	10	620	2013-02-19	\N	309dd896-6397-4741-aa85-8ca774c525a8	\N
\.


--
-- TOC entry 2276 (class 0 OID 148910)
-- Dependencies: 218 2277
-- Data for Name: vacation_approval_result; Type: TABLE DATA; Schema: public; Owner: postgres
--

COPY vacation_approval_result (id, vacation_approval_id, project_participant_id) FROM stdin;
150	5085	\N
\.


--
-- TOC entry 2078 (class 2606 OID 148916)
-- Dependencies: 162 162 162 162 2278
-- Name: available_activity_category_act_type_project_role_act_cat_key; Type: CONSTRAINT; Schema: public; Owner: postgres; Tablespace: 
--

ALTER TABLE ONLY available_activity_category
    ADD CONSTRAINT available_activity_category_act_type_project_role_act_cat_key UNIQUE (act_type, project_role, act_cat);


--
-- TOC entry 2080 (class 2606 OID 148918)
-- Dependencies: 162 162 2278
-- Name: available_activity_category_pkey; Type: CONSTRAINT; Schema: public; Owner: postgres; Tablespace: 
--

ALTER TABLE ONLY available_activity_category
    ADD CONSTRAINT available_activity_category_pkey PRIMARY KEY (id);


--
-- TOC entry 2082 (class 2606 OID 148920)
-- Dependencies: 164 164 2278
-- Name: business_trip_pkey; Type: CONSTRAINT; Schema: public; Owner: postgres; Tablespace: 
--

ALTER TABLE ONLY business_trip
    ADD CONSTRAINT business_trip_pkey PRIMARY KEY (id);


--
-- TOC entry 2084 (class 2606 OID 148922)
-- Dependencies: 165 165 2278
-- Name: calendar_pkey; Type: CONSTRAINT; Schema: public; Owner: postgres; Tablespace: 
--

ALTER TABLE ONLY calendar
    ADD CONSTRAINT calendar_pkey PRIMARY KEY (caldate);


--
-- TOC entry 2100 (class 2606 OID 148924)
-- Dependencies: 170 170 2278
-- Name: dictionary_item_pkey; Type: CONSTRAINT; Schema: public; Owner: postgres; Tablespace: 
--

ALTER TABLE ONLY dictionary_item
    ADD CONSTRAINT dictionary_item_pkey PRIMARY KEY (id);


--
-- TOC entry 2102 (class 2606 OID 148926)
-- Dependencies: 170 170 170 2278
-- Name: dictionary_item_value_dict_id_key; Type: CONSTRAINT; Schema: public; Owner: postgres; Tablespace: 
--

ALTER TABLE ONLY dictionary_item
    ADD CONSTRAINT dictionary_item_value_dict_id_key UNIQUE (value, dict_id);


--
-- TOC entry 2096 (class 2606 OID 148928)
-- Dependencies: 169 169 2278
-- Name: dictionary_name_key; Type: CONSTRAINT; Schema: public; Owner: postgres; Tablespace: 
--

ALTER TABLE ONLY dictionary
    ADD CONSTRAINT dictionary_name_key UNIQUE (name);


--
-- TOC entry 2098 (class 2606 OID 148930)
-- Dependencies: 169 169 2278
-- Name: dictionary_pkey; Type: CONSTRAINT; Schema: public; Owner: postgres; Tablespace: 
--

ALTER TABLE ONLY dictionary
    ADD CONSTRAINT dictionary_pkey PRIMARY KEY (id);


--
-- TOC entry 2104 (class 2606 OID 148932)
-- Dependencies: 171 171 171 2278
-- Name: division_ldap_name_name_key; Type: CONSTRAINT; Schema: public; Owner: postgres; Tablespace: 
--

ALTER TABLE ONLY division
    ADD CONSTRAINT division_ldap_name_name_key UNIQUE (ldap_name, name);


--
-- TOC entry 2106 (class 2606 OID 148934)
-- Dependencies: 171 171 2278
-- Name: division_object_sid_unique; Type: CONSTRAINT; Schema: public; Owner: postgres; Tablespace: 
--

ALTER TABLE ONLY division
    ADD CONSTRAINT division_object_sid_unique UNIQUE (ldap_object_sid);


--
-- TOC entry 2108 (class 2606 OID 148936)
-- Dependencies: 171 171 2278
-- Name: division_pkey; Type: CONSTRAINT; Schema: public; Owner: postgres; Tablespace: 
--

ALTER TABLE ONLY division
    ADD CONSTRAINT division_pkey PRIMARY KEY (id);


--
-- TOC entry 2110 (class 2606 OID 148938)
-- Dependencies: 172 172 172 2278
-- Name: division_project_pkey; Type: CONSTRAINT; Schema: public; Owner: postgres; Tablespace: 
--

ALTER TABLE ONLY division_project
    ADD CONSTRAINT division_project_pkey PRIMARY KEY (division_id, project_id);


--
-- TOC entry 2116 (class 2606 OID 148940)
-- Dependencies: 183 183 183 183 183 2278
-- Name: empl_item_year_month_unique; Type: CONSTRAINT; Schema: public; Owner: postgres; Tablespace: 
--

ALTER TABLE ONLY employee_plan
    ADD CONSTRAINT empl_item_year_month_unique UNIQUE (employee_id, item_id, year, month);


--
-- TOC entry 2114 (class 2606 OID 148942)
-- Dependencies: 182 182 2278
-- Name: empl_permissions_pkey; Type: CONSTRAINT; Schema: public; Owner: postgres; Tablespace: 
--

ALTER TABLE ONLY employee_permissions
    ADD CONSTRAINT empl_permissions_pkey PRIMARY KEY (id);


--
-- TOC entry 2118 (class 2606 OID 148944)
-- Dependencies: 183 183 2278
-- Name: empl_plan_pkey; Type: CONSTRAINT; Schema: public; Owner: postgres; Tablespace: 
--

ALTER TABLE ONLY employee_plan
    ADD CONSTRAINT empl_plan_pkey PRIMARY KEY (id);


--
-- TOC entry 2124 (class 2606 OID 148946)
-- Dependencies: 185 185 2278
-- Name: empl_prj_plan_pkey; Type: CONSTRAINT; Schema: public; Owner: postgres; Tablespace: 
--

ALTER TABLE ONLY employee_project_plan
    ADD CONSTRAINT empl_prj_plan_pkey PRIMARY KEY (id);


--
-- TOC entry 2126 (class 2606 OID 148948)
-- Dependencies: 185 185 185 185 185 2278
-- Name: empl_proj_year_month_unique; Type: CONSTRAINT; Schema: public; Owner: postgres; Tablespace: 
--

ALTER TABLE ONLY employee_project_plan
    ADD CONSTRAINT empl_proj_year_month_unique UNIQUE (employee_id, project_id, year, month);


--
-- TOC entry 2112 (class 2606 OID 148950)
-- Dependencies: 181 181 2278
-- Name: employee_involved_pkey; Type: CONSTRAINT; Schema: public; Owner: postgres; Tablespace: 
--

ALTER TABLE ONLY employee_involved
    ADD CONSTRAINT employee_involved_pkey PRIMARY KEY (id);


--
-- TOC entry 2087 (class 2606 OID 148952)
-- Dependencies: 167 167 167 167 2278
-- Name: employee_name_job_division_key; Type: CONSTRAINT; Schema: public; Owner: postgres; Tablespace: 
--

ALTER TABLE ONLY employee
    ADD CONSTRAINT employee_name_job_division_key UNIQUE (name, job, division);


--
-- TOC entry 2089 (class 2606 OID 148954)
-- Dependencies: 167 167 2278
-- Name: employee_object_sid_unique; Type: CONSTRAINT; Schema: public; Owner: postgres; Tablespace: 
--

ALTER TABLE ONLY employee
    ADD CONSTRAINT employee_object_sid_unique UNIQUE (ldap_object_sid);


--
-- TOC entry 2091 (class 2606 OID 148956)
-- Dependencies: 167 167 2278
-- Name: employee_pkey; Type: CONSTRAINT; Schema: public; Owner: postgres; Tablespace: 
--

ALTER TABLE ONLY employee
    ADD CONSTRAINT employee_pkey PRIMARY KEY (id);


--
-- TOC entry 2120 (class 2606 OID 148958)
-- Dependencies: 184 184 184 2278
-- Name: employee_project_billable_employee_id_project_id_key; Type: CONSTRAINT; Schema: public; Owner: postgres; Tablespace: 
--

ALTER TABLE ONLY employee_project_billable
    ADD CONSTRAINT employee_project_billable_employee_id_project_id_key UNIQUE (employee_id, project_id);


--
-- TOC entry 2122 (class 2606 OID 148960)
-- Dependencies: 184 184 2278
-- Name: employee_project_billable_pkey; Type: CONSTRAINT; Schema: public; Owner: postgres; Tablespace: 
--

ALTER TABLE ONLY employee_project_billable
    ADD CONSTRAINT employee_project_billable_pkey PRIMARY KEY (id);


--
-- TOC entry 2128 (class 2606 OID 148962)
-- Dependencies: 186 186 2278
-- Name: employee_token_pkey; Type: CONSTRAINT; Schema: public; Owner: postgres; Tablespace: 
--

ALTER TABLE ONLY employee_token
    ADD CONSTRAINT employee_token_pkey PRIMARY KEY (key);


--
-- TOC entry 2137 (class 2606 OID 148964)
-- Dependencies: 194 194 2278
-- Name: holidaypk; Type: CONSTRAINT; Schema: public; Owner: postgres; Tablespace: 
--

ALTER TABLE ONLY holiday
    ADD CONSTRAINT holidaypk PRIMARY KEY (id);


--
-- TOC entry 2139 (class 2606 OID 148966)
-- Dependencies: 196 196 2278
-- Name: illness_pkey; Type: CONSTRAINT; Schema: public; Owner: postgres; Tablespace: 
--

ALTER TABLE ONLY illness
    ADD CONSTRAINT illness_pkey PRIMARY KEY (id);


--
-- TOC entry 2094 (class 2606 OID 148968)
-- Dependencies: 167 167 2278
-- Name: ldap; Type: CONSTRAINT; Schema: public; Owner: postgres; Tablespace: 
--

ALTER TABLE ONLY employee
    ADD CONSTRAINT ldap UNIQUE (ldap);


--
-- TOC entry 2141 (class 2606 OID 148970)
-- Dependencies: 198 198 2278
-- Name: manager_pkey; Type: CONSTRAINT; Schema: public; Owner: postgres; Tablespace: 
--

ALTER TABLE ONLY manager
    ADD CONSTRAINT manager_pkey PRIMARY KEY (id);


--
-- TOC entry 2143 (class 2606 OID 148972)
-- Dependencies: 200 200 2278
-- Name: overtime_cause_unique_timesheet_id; Type: CONSTRAINT; Schema: public; Owner: postgres; Tablespace: 
--

ALTER TABLE ONLY overtime_cause
    ADD CONSTRAINT overtime_cause_unique_timesheet_id UNIQUE (timesheet_id);


--
-- TOC entry 2145 (class 2606 OID 148974)
-- Dependencies: 200 200 2278
-- Name: overtime_causes_pkey; Type: CONSTRAINT; Schema: public; Owner: postgres; Tablespace: 
--

ALTER TABLE ONLY overtime_cause
    ADD CONSTRAINT overtime_causes_pkey PRIMARY KEY (id);


--
-- TOC entry 2147 (class 2606 OID 148976)
-- Dependencies: 201 201 2278
-- Name: permission_pkey; Type: CONSTRAINT; Schema: public; Owner: postgres; Tablespace: 
--

ALTER TABLE ONLY permission
    ADD CONSTRAINT permission_pkey PRIMARY KEY (id);


--
-- TOC entry 2177 (class 2606 OID 148978)
-- Dependencies: 218 218 2278
-- Name: pk_vacation_approval_result; Type: CONSTRAINT; Schema: public; Owner: postgres; Tablespace: 
--

ALTER TABLE ONLY vacation_approval_result
    ADD CONSTRAINT pk_vacation_approval_result PRIMARY KEY (id);


--
-- TOC entry 2161 (class 2606 OID 148980)
-- Dependencies: 209 209 2278
-- Name: proj_role_permissions_pkey; Type: CONSTRAINT; Schema: public; Owner: postgres; Tablespace: 
--

ALTER TABLE ONLY project_role_permissions
    ADD CONSTRAINT proj_role_permissions_pkey PRIMARY KEY (id);


--
-- TOC entry 2149 (class 2606 OID 148982)
-- Dependencies: 206 206 2278
-- Name: project_name_key; Type: CONSTRAINT; Schema: public; Owner: postgres; Tablespace: 
--

ALTER TABLE ONLY project
    ADD CONSTRAINT project_name_key UNIQUE (name);


--
-- TOC entry 2153 (class 2606 OID 148984)
-- Dependencies: 207 207 207 207 2278
-- Name: project_participant_employee_project_role_project_key; Type: CONSTRAINT; Schema: public; Owner: postgres; Tablespace: 
--

ALTER TABLE ONLY project_participant
    ADD CONSTRAINT project_participant_employee_project_role_project_key UNIQUE (employee, project_role, project);


--
-- TOC entry 2155 (class 2606 OID 148986)
-- Dependencies: 207 207 2278
-- Name: project_participant_pkey; Type: CONSTRAINT; Schema: public; Owner: postgres; Tablespace: 
--

ALTER TABLE ONLY project_participant
    ADD CONSTRAINT project_participant_pkey PRIMARY KEY (id);


--
-- TOC entry 2151 (class 2606 OID 148988)
-- Dependencies: 206 206 2278
-- Name: project_pkey; Type: CONSTRAINT; Schema: public; Owner: postgres; Tablespace: 
--

ALTER TABLE ONLY project
    ADD CONSTRAINT project_pkey PRIMARY KEY (id);


--
-- TOC entry 2157 (class 2606 OID 148990)
-- Dependencies: 208 208 208 2278
-- Name: project_role_name_code_key; Type: CONSTRAINT; Schema: public; Owner: postgres; Tablespace: 
--

ALTER TABLE ONLY project_role
    ADD CONSTRAINT project_role_name_code_key UNIQUE (name, code);


--
-- TOC entry 2159 (class 2606 OID 148992)
-- Dependencies: 208 208 2278
-- Name: project_role_pkey; Type: CONSTRAINT; Schema: public; Owner: postgres; Tablespace: 
--

ALTER TABLE ONLY project_role
    ADD CONSTRAINT project_role_pkey PRIMARY KEY (id);


--
-- TOC entry 2163 (class 2606 OID 148994)
-- Dependencies: 210 210 2278
-- Name: project_task_cq_id_key; Type: CONSTRAINT; Schema: public; Owner: postgres; Tablespace: 
--

ALTER TABLE ONLY project_task
    ADD CONSTRAINT project_task_cq_id_key UNIQUE (cq_id);


--
-- TOC entry 2165 (class 2606 OID 148996)
-- Dependencies: 210 210 2278
-- Name: project_task_pkey; Type: CONSTRAINT; Schema: public; Owner: postgres; Tablespace: 
--

ALTER TABLE ONLY project_task
    ADD CONSTRAINT project_task_pkey PRIMARY KEY (id);


--
-- TOC entry 2167 (class 2606 OID 148998)
-- Dependencies: 211 211 2278
-- Name: region_pkey; Type: CONSTRAINT; Schema: public; Owner: postgres; Tablespace: 
--

ALTER TABLE ONLY region
    ADD CONSTRAINT region_pkey PRIMARY KEY (id);


--
-- TOC entry 2169 (class 2606 OID 149000)
-- Dependencies: 213 213 213 2278
-- Name: reportcheck_checkdate_employee_key; Type: CONSTRAINT; Schema: public; Owner: postgres; Tablespace: 
--

ALTER TABLE ONLY reportcheck
    ADD CONSTRAINT reportcheck_checkdate_employee_key UNIQUE (checkdate, employee);


--
-- TOC entry 2171 (class 2606 OID 149002)
-- Dependencies: 213 213 2278
-- Name: reportcheck_pkey; Type: CONSTRAINT; Schema: public; Owner: postgres; Tablespace: 
--

ALTER TABLE ONLY reportcheck
    ADD CONSTRAINT reportcheck_pkey PRIMARY KEY (id);


--
-- TOC entry 2130 (class 2606 OID 149004)
-- Dependencies: 188 188 188 2278
-- Name: time_sheet_caldate_emp_id_key; Type: CONSTRAINT; Schema: public; Owner: postgres; Tablespace: 
--

ALTER TABLE ONLY time_sheet
    ADD CONSTRAINT time_sheet_caldate_emp_id_key UNIQUE (caldate, emp_id);


--
-- TOC entry 2135 (class 2606 OID 149006)
-- Dependencies: 190 190 2278
-- Name: time_sheet_detail_pkey; Type: CONSTRAINT; Schema: public; Owner: postgres; Tablespace: 
--

ALTER TABLE ONLY time_sheet_detail
    ADD CONSTRAINT time_sheet_detail_pkey PRIMARY KEY (id);


--
-- TOC entry 2132 (class 2606 OID 149008)
-- Dependencies: 188 188 2278
-- Name: time_sheet_pkey; Type: CONSTRAINT; Schema: public; Owner: postgres; Tablespace: 
--

ALTER TABLE ONLY time_sheet
    ADD CONSTRAINT time_sheet_pkey PRIMARY KEY (id);


--
-- TOC entry 2175 (class 2606 OID 149010)
-- Dependencies: 217 217 2278
-- Name: vacation_approval_pkey; Type: CONSTRAINT; Schema: public; Owner: postgres; Tablespace: 
--

ALTER TABLE ONLY vacation_approval
    ADD CONSTRAINT vacation_approval_pkey PRIMARY KEY (id);


--
-- TOC entry 2173 (class 2606 OID 149012)
-- Dependencies: 215 215 2278
-- Name: vacation_pkey; Type: CONSTRAINT; Schema: public; Owner: postgres; Tablespace: 
--

ALTER TABLE ONLY vacation
    ADD CONSTRAINT vacation_pkey PRIMARY KEY (id);


--
-- TOC entry 2085 (class 1259 OID 149013)
-- Dependencies: 167 2278
-- Name: emp_idx1; Type: INDEX; Schema: public; Owner: postgres; Tablespace: 
--

CREATE INDEX emp_idx1 ON employee USING btree (manager);


--
-- TOC entry 2092 (class 1259 OID 149014)
-- Dependencies: 167 2278
-- Name: fki_emp_region; Type: INDEX; Schema: public; Owner: postgres; Tablespace: 
--

CREATE INDEX fki_emp_region ON employee USING btree (region);


--
-- TOC entry 2133 (class 1259 OID 149015)
-- Dependencies: 190 2278
-- Name: time_sheet_det_idx1; Type: INDEX; Schema: public; Owner: postgres; Tablespace: 
--

CREATE INDEX time_sheet_det_idx1 ON time_sheet_detail USING btree (time_sheet_id);


--
-- TOC entry 2178 (class 2606 OID 149016)
-- Dependencies: 2099 170 162 2278
-- Name: fk_activity_category; Type: FK CONSTRAINT; Schema: public; Owner: postgres
--

ALTER TABLE ONLY available_activity_category
    ADD CONSTRAINT fk_activity_category FOREIGN KEY (act_cat) REFERENCES dictionary_item(id);


--
-- TOC entry 2179 (class 2606 OID 149021)
-- Dependencies: 162 170 2099 2278
-- Name: fk_activity_type; Type: FK CONSTRAINT; Schema: public; Owner: postgres
--

ALTER TABLE ONLY available_activity_category
    ADD CONSTRAINT fk_activity_type FOREIGN KEY (act_type) REFERENCES dictionary_item(id);


--
-- TOC entry 2193 (class 2606 OID 149026)
-- Dependencies: 2090 167 179 2278
-- Name: fk_assistant; Type: FK CONSTRAINT; Schema: public; Owner: postgres
--

ALTER TABLE ONLY employee_assistant
    ADD CONSTRAINT fk_assistant FOREIGN KEY (assistant_id) REFERENCES employee(id);


--
-- TOC entry 2237 (class 2606 OID 149031)
-- Dependencies: 215 2090 167 2278
-- Name: fk_author; Type: FK CONSTRAINT; Schema: public; Owner: postgres
--

ALTER TABLE ONLY vacation
    ADD CONSTRAINT fk_author FOREIGN KEY (author_id) REFERENCES employee(id);


--
-- TOC entry 2181 (class 2606 OID 149036)
-- Dependencies: 164 170 2099 2278
-- Name: fk_business_trip_type; Type: FK CONSTRAINT; Schema: public; Owner: postgres
--

ALTER TABLE ONLY business_trip
    ADD CONSTRAINT fk_business_trip_type FOREIGN KEY (type_id) REFERENCES dictionary_item(id);


--
-- TOC entry 2206 (class 2606 OID 149041)
-- Dependencies: 188 2083 165 2278
-- Name: fk_calendar; Type: FK CONSTRAINT; Schema: public; Owner: postgres
--

ALTER TABLE ONLY time_sheet
    ADD CONSTRAINT fk_calendar FOREIGN KEY (caldate) REFERENCES calendar(caldate);


--
-- TOC entry 2217 (class 2606 OID 149046)
-- Dependencies: 165 2083 194 2278
-- Name: fk_calendar; Type: FK CONSTRAINT; Schema: public; Owner: postgres
--

ALTER TABLE ONLY holiday
    ADD CONSTRAINT fk_calendar FOREIGN KEY (caldate) REFERENCES calendar(caldate);


--
-- TOC entry 2224 (class 2606 OID 149051)
-- Dependencies: 2099 200 170 2278
-- Name: fk_compensation_id; Type: FK CONSTRAINT; Schema: public; Owner: postgres
--

ALTER TABLE ONLY overtime_cause
    ADD CONSTRAINT fk_compensation_id FOREIGN KEY (compensation_id) REFERENCES dictionary_item(id);


--
-- TOC entry 2199 (class 2606 OID 149056)
-- Dependencies: 2099 170 183 2278
-- Name: fk_dic_item; Type: FK CONSTRAINT; Schema: public; Owner: postgres
--

ALTER TABLE ONLY employee_plan
    ADD CONSTRAINT fk_dic_item FOREIGN KEY (item_id) REFERENCES dictionary_item(id);


--
-- TOC entry 2189 (class 2606 OID 149061)
-- Dependencies: 169 170 2097 2278
-- Name: fk_dictionary; Type: FK CONSTRAINT; Schema: public; Owner: postgres
--

ALTER TABLE ONLY dictionary_item
    ADD CONSTRAINT fk_dictionary FOREIGN KEY (dict_id) REFERENCES dictionary(id);


--
-- TOC entry 2221 (class 2606 OID 149066)
-- Dependencies: 198 2107 171 2278
-- Name: fk_division; Type: FK CONSTRAINT; Schema: public; Owner: postgres
--

ALTER TABLE ONLY manager
    ADD CONSTRAINT fk_division FOREIGN KEY (division_id) REFERENCES division(id);


--
-- TOC entry 2191 (class 2606 OID 149071)
-- Dependencies: 171 172 2107 2278
-- Name: fk_division; Type: FK CONSTRAINT; Schema: public; Owner: postgres
--

ALTER TABLE ONLY division_project
    ADD CONSTRAINT fk_division FOREIGN KEY (division_id) REFERENCES division(id);


--
-- TOC entry 2184 (class 2606 OID 149076)
-- Dependencies: 2107 167 171 2278
-- Name: fk_emp_division; Type: FK CONSTRAINT; Schema: public; Owner: postgres
--

ALTER TABLE ONLY employee
    ADD CONSTRAINT fk_emp_division FOREIGN KEY (division) REFERENCES division(id);


--
-- TOC entry 2185 (class 2606 OID 149081)
-- Dependencies: 167 2158 208 2278
-- Name: fk_emp_job; Type: FK CONSTRAINT; Schema: public; Owner: postgres
--

ALTER TABLE ONLY employee
    ADD CONSTRAINT fk_emp_job FOREIGN KEY (job) REFERENCES project_role(id);


--
-- TOC entry 2186 (class 2606 OID 149086)
-- Dependencies: 2090 167 167 2278
-- Name: fk_emp_manager; Type: FK CONSTRAINT; Schema: public; Owner: postgres
--

ALTER TABLE ONLY employee
    ADD CONSTRAINT fk_emp_manager FOREIGN KEY (manager) REFERENCES employee(id);


--
-- TOC entry 2187 (class 2606 OID 149091)
-- Dependencies: 2166 167 211 2278
-- Name: fk_emp_region; Type: FK CONSTRAINT; Schema: public; Owner: postgres
--

ALTER TABLE ONLY employee
    ADD CONSTRAINT fk_emp_region FOREIGN KEY (region) REFERENCES region(id);


--
-- TOC entry 2229 (class 2606 OID 149096)
-- Dependencies: 167 2090 207 2278
-- Name: fk_employee; Type: FK CONSTRAINT; Schema: public; Owner: postgres
--

ALTER TABLE ONLY project_participant
    ADD CONSTRAINT fk_employee FOREIGN KEY (employee) REFERENCES employee(id);


--
-- TOC entry 2207 (class 2606 OID 149101)
-- Dependencies: 2090 167 188 2278
-- Name: fk_employee; Type: FK CONSTRAINT; Schema: public; Owner: postgres
--

ALTER TABLE ONLY time_sheet
    ADD CONSTRAINT fk_employee FOREIGN KEY (emp_id) REFERENCES employee(id);


--
-- TOC entry 2195 (class 2606 OID 149106)
-- Dependencies: 167 181 2090 2278
-- Name: fk_employee; Type: FK CONSTRAINT; Schema: public; Owner: postgres
--

ALTER TABLE ONLY employee_involved
    ADD CONSTRAINT fk_employee FOREIGN KEY (employee) REFERENCES employee(id);


--
-- TOC entry 2222 (class 2606 OID 149111)
-- Dependencies: 167 198 2090 2278
-- Name: fk_employee; Type: FK CONSTRAINT; Schema: public; Owner: postgres
--

ALTER TABLE ONLY manager
    ADD CONSTRAINT fk_employee FOREIGN KEY (employee_id) REFERENCES employee(id);


--
-- TOC entry 2219 (class 2606 OID 149116)
-- Dependencies: 167 196 2090 2278
-- Name: fk_employee; Type: FK CONSTRAINT; Schema: public; Owner: postgres
--

ALTER TABLE ONLY illness
    ADD CONSTRAINT fk_employee FOREIGN KEY (employee_id) REFERENCES employee(id);


--
-- TOC entry 2182 (class 2606 OID 149121)
-- Dependencies: 167 2090 164 2278
-- Name: fk_employee; Type: FK CONSTRAINT; Schema: public; Owner: postgres
--

ALTER TABLE ONLY business_trip
    ADD CONSTRAINT fk_employee FOREIGN KEY (employee_id) REFERENCES employee(id);


--
-- TOC entry 2238 (class 2606 OID 149126)
-- Dependencies: 2090 215 167 2278
-- Name: fk_employee; Type: FK CONSTRAINT; Schema: public; Owner: postgres
--

ALTER TABLE ONLY vacation
    ADD CONSTRAINT fk_employee FOREIGN KEY (employee_id) REFERENCES employee(id);


--
-- TOC entry 2197 (class 2606 OID 149131)
-- Dependencies: 182 167 2090 2278
-- Name: fk_employee; Type: FK CONSTRAINT; Schema: public; Owner: postgres
--

ALTER TABLE ONLY employee_permissions
    ADD CONSTRAINT fk_employee FOREIGN KEY (employee_id) REFERENCES employee(id);


--
-- TOC entry 2190 (class 2606 OID 149136)
-- Dependencies: 167 2090 171 2278
-- Name: fk_employee; Type: FK CONSTRAINT; Schema: public; Owner: postgres
--

ALTER TABLE ONLY division
    ADD CONSTRAINT fk_employee FOREIGN KEY (leader_id) REFERENCES employee(id);


--
-- TOC entry 2203 (class 2606 OID 149141)
-- Dependencies: 185 2090 167 2278
-- Name: fk_employee; Type: FK CONSTRAINT; Schema: public; Owner: postgres
--

ALTER TABLE ONLY employee_project_plan
    ADD CONSTRAINT fk_employee FOREIGN KEY (employee_id) REFERENCES employee(id);


--
-- TOC entry 2200 (class 2606 OID 149146)
-- Dependencies: 183 167 2090 2278
-- Name: fk_employee; Type: FK CONSTRAINT; Schema: public; Owner: postgres
--

ALTER TABLE ONLY employee_plan
    ADD CONSTRAINT fk_employee FOREIGN KEY (employee_id) REFERENCES employee(id);


--
-- TOC entry 2205 (class 2606 OID 149151)
-- Dependencies: 2090 186 167 2278
-- Name: fk_employee; Type: FK CONSTRAINT; Schema: public; Owner: postgres
--

ALTER TABLE ONLY employee_token
    ADD CONSTRAINT fk_employee FOREIGN KEY (employee_id) REFERENCES employee(id);


--
-- TOC entry 2194 (class 2606 OID 149156)
-- Dependencies: 179 2090 167 2278
-- Name: fk_employee; Type: FK CONSTRAINT; Schema: public; Owner: postgres
--

ALTER TABLE ONLY employee_assistant
    ADD CONSTRAINT fk_employee FOREIGN KEY (employee_id) REFERENCES employee(id);


--
-- TOC entry 2201 (class 2606 OID 149161)
-- Dependencies: 2090 167 184 2278
-- Name: fk_employee; Type: FK CONSTRAINT; Schema: public; Owner: postgres
--

ALTER TABLE ONLY employee_project_billable
    ADD CONSTRAINT fk_employee FOREIGN KEY (employee_id) REFERENCES employee(id);


--
-- TOC entry 2220 (class 2606 OID 149166)
-- Dependencies: 196 2099 170 2278
-- Name: fk_illness_reason; Type: FK CONSTRAINT; Schema: public; Owner: postgres
--

ALTER TABLE ONLY illness
    ADD CONSTRAINT fk_illness_reason FOREIGN KEY (reason_id) REFERENCES dictionary_item(id);


--
-- TOC entry 2241 (class 2606 OID 149171)
-- Dependencies: 2090 217 167 2278
-- Name: fk_manager; Type: FK CONSTRAINT; Schema: public; Owner: postgres
--

ALTER TABLE ONLY vacation_approval
    ADD CONSTRAINT fk_manager FOREIGN KEY (manager_id) REFERENCES employee(id);


--
-- TOC entry 2188 (class 2606 OID 149176)
-- Dependencies: 167 167 2090 2278
-- Name: fk_manager2; Type: FK CONSTRAINT; Schema: public; Owner: postgres
--

ALTER TABLE ONLY employee
    ADD CONSTRAINT fk_manager2 FOREIGN KEY (manager2) REFERENCES employee(id);


--
-- TOC entry 2225 (class 2606 OID 149181)
-- Dependencies: 200 2099 170 2278
-- Name: fk_overtime_cause; Type: FK CONSTRAINT; Schema: public; Owner: postgres
--

ALTER TABLE ONLY overtime_cause
    ADD CONSTRAINT fk_overtime_cause FOREIGN KEY (overtime_cause_id) REFERENCES dictionary_item(id);


--
-- TOC entry 2198 (class 2606 OID 149186)
-- Dependencies: 201 2146 182 2278
-- Name: fk_permission; Type: FK CONSTRAINT; Schema: public; Owner: postgres
--

ALTER TABLE ONLY employee_permissions
    ADD CONSTRAINT fk_permission FOREIGN KEY (permission_id) REFERENCES permission(id) ON DELETE CASCADE;


--
-- TOC entry 2232 (class 2606 OID 149191)
-- Dependencies: 201 209 2146 2278
-- Name: fk_permission; Type: FK CONSTRAINT; Schema: public; Owner: postgres
--

ALTER TABLE ONLY project_role_permissions
    ADD CONSTRAINT fk_permission FOREIGN KEY (permission_id) REFERENCES permission(id);


--
-- TOC entry 2234 (class 2606 OID 149196)
-- Dependencies: 206 2150 210 2278
-- Name: fk_project; Type: FK CONSTRAINT; Schema: public; Owner: postgres
--

ALTER TABLE ONLY project_task
    ADD CONSTRAINT fk_project FOREIGN KEY (project) REFERENCES project(id);


--
-- TOC entry 2196 (class 2606 OID 149201)
-- Dependencies: 206 181 2150 2278
-- Name: fk_project; Type: FK CONSTRAINT; Schema: public; Owner: postgres
--

ALTER TABLE ONLY employee_involved
    ADD CONSTRAINT fk_project FOREIGN KEY (project) REFERENCES project(id);


--
-- TOC entry 2192 (class 2606 OID 149206)
-- Dependencies: 2150 206 172 2278
-- Name: fk_project; Type: FK CONSTRAINT; Schema: public; Owner: postgres
--

ALTER TABLE ONLY division_project
    ADD CONSTRAINT fk_project FOREIGN KEY (project_id) REFERENCES project(id);


--
-- TOC entry 2230 (class 2606 OID 149211)
-- Dependencies: 206 2150 207 2278
-- Name: fk_project; Type: FK CONSTRAINT; Schema: public; Owner: postgres
--

ALTER TABLE ONLY project_participant
    ADD CONSTRAINT fk_project FOREIGN KEY (project) REFERENCES project(id);


--
-- TOC entry 2183 (class 2606 OID 149216)
-- Dependencies: 164 206 2150 2278
-- Name: fk_project; Type: FK CONSTRAINT; Schema: public; Owner: postgres
--

ALTER TABLE ONLY business_trip
    ADD CONSTRAINT fk_project FOREIGN KEY (project_id) REFERENCES project(id);


--
-- TOC entry 2204 (class 2606 OID 149221)
-- Dependencies: 206 185 2150 2278
-- Name: fk_project; Type: FK CONSTRAINT; Schema: public; Owner: postgres
--

ALTER TABLE ONLY employee_project_plan
    ADD CONSTRAINT fk_project FOREIGN KEY (project_id) REFERENCES project(id);


--
-- TOC entry 2202 (class 2606 OID 149226)
-- Dependencies: 2150 206 184 2278
-- Name: fk_project; Type: FK CONSTRAINT; Schema: public; Owner: postgres
--

ALTER TABLE ONLY employee_project_billable
    ADD CONSTRAINT fk_project FOREIGN KEY (project_id) REFERENCES project(id);


--
-- TOC entry 2227 (class 2606 OID 149231)
-- Dependencies: 167 206 2090 2278
-- Name: fk_project_manager; Type: FK CONSTRAINT; Schema: public; Owner: postgres
--

ALTER TABLE ONLY project
    ADD CONSTRAINT fk_project_manager FOREIGN KEY (manager) REFERENCES employee(id);


--
-- TOC entry 2243 (class 2606 OID 149236)
-- Dependencies: 218 207 2154 2278
-- Name: fk_project_participant; Type: FK CONSTRAINT; Schema: public; Owner: postgres
--

ALTER TABLE ONLY vacation_approval_result
    ADD CONSTRAINT fk_project_participant FOREIGN KEY (project_participant_id) REFERENCES project_participant(id) ON DELETE CASCADE;


--
-- TOC entry 2180 (class 2606 OID 149241)
-- Dependencies: 162 208 2158 2278
-- Name: fk_project_role; Type: FK CONSTRAINT; Schema: public; Owner: postgres
--

ALTER TABLE ONLY available_activity_category
    ADD CONSTRAINT fk_project_role FOREIGN KEY (project_role) REFERENCES project_role(id);


--
-- TOC entry 2231 (class 2606 OID 149246)
-- Dependencies: 207 208 2158 2278
-- Name: fk_project_role; Type: FK CONSTRAINT; Schema: public; Owner: postgres
--

ALTER TABLE ONLY project_participant
    ADD CONSTRAINT fk_project_role FOREIGN KEY (project_role) REFERENCES project_role(id);


--
-- TOC entry 2233 (class 2606 OID 149251)
-- Dependencies: 209 208 2158 2278
-- Name: fk_project_role; Type: FK CONSTRAINT; Schema: public; Owner: postgres
--

ALTER TABLE ONLY project_role_permissions
    ADD CONSTRAINT fk_project_role FOREIGN KEY (project_role_id) REFERENCES project_role(id);


--
-- TOC entry 2228 (class 2606 OID 149256)
-- Dependencies: 206 170 2099 2278
-- Name: fk_project_state; Type: FK CONSTRAINT; Schema: public; Owner: postgres
--

ALTER TABLE ONLY project
    ADD CONSTRAINT fk_project_state FOREIGN KEY (state) REFERENCES dictionary_item(id);


--
-- TOC entry 2223 (class 2606 OID 149261)
-- Dependencies: 198 211 2166 2278
-- Name: fk_region; Type: FK CONSTRAINT; Schema: public; Owner: postgres
--

ALTER TABLE ONLY manager
    ADD CONSTRAINT fk_region FOREIGN KEY (region_id) REFERENCES region(id);


--
-- TOC entry 2218 (class 2606 OID 149266)
-- Dependencies: 194 2166 211 2278
-- Name: fk_region; Type: FK CONSTRAINT; Schema: public; Owner: postgres
--

ALTER TABLE ONLY holiday
    ADD CONSTRAINT fk_region FOREIGN KEY (region) REFERENCES region(id);


--
-- TOC entry 2235 (class 2606 OID 149271)
-- Dependencies: 213 2107 171 2278
-- Name: fk_rep_division; Type: FK CONSTRAINT; Schema: public; Owner: postgres
--

ALTER TABLE ONLY reportcheck
    ADD CONSTRAINT fk_rep_division FOREIGN KEY (division) REFERENCES division(id);


--
-- TOC entry 2236 (class 2606 OID 149276)
-- Dependencies: 213 167 2090 2278
-- Name: fk_rep_employee; Type: FK CONSTRAINT; Schema: public; Owner: postgres
--

ALTER TABLE ONLY reportcheck
    ADD CONSTRAINT fk_rep_employee FOREIGN KEY (employee) REFERENCES employee(id);


--
-- TOC entry 2210 (class 2606 OID 149281)
-- Dependencies: 188 2131 190 2278
-- Name: fk_time_sheet; Type: FK CONSTRAINT; Schema: public; Owner: postgres
--

ALTER TABLE ONLY time_sheet_detail
    ADD CONSTRAINT fk_time_sheet FOREIGN KEY (time_sheet_id) REFERENCES time_sheet(id);


--
-- TOC entry 2211 (class 2606 OID 149286)
-- Dependencies: 190 2099 170 2278
-- Name: fk_time_sheet_cat; Type: FK CONSTRAINT; Schema: public; Owner: postgres
--

ALTER TABLE ONLY time_sheet_detail
    ADD CONSTRAINT fk_time_sheet_cat FOREIGN KEY (act_cat) REFERENCES dictionary_item(id);


--
-- TOC entry 2208 (class 2606 OID 149291)
-- Dependencies: 188 2099 170 2278
-- Name: fk_time_sheet_effort; Type: FK CONSTRAINT; Schema: public; Owner: postgres
--

ALTER TABLE ONLY time_sheet
    ADD CONSTRAINT fk_time_sheet_effort FOREIGN KEY (effort_id) REFERENCES dictionary_item(id);


--
-- TOC entry 2310 (class 0 OID 0)
-- Dependencies: 2208
-- Name: CONSTRAINT fk_time_sheet_effort ON time_sheet; Type: COMMENT; Schema: public; Owner: postgres
--

COMMENT ON CONSTRAINT fk_time_sheet_effort ON time_sheet IS 'Ссылка на оценку загруженности на следующий рабочий день';


--
-- TOC entry 2212 (class 2606 OID 149296)
-- Dependencies: 190 2150 206 2278
-- Name: fk_time_sheet_project; Type: FK CONSTRAINT; Schema: public; Owner: postgres
--

ALTER TABLE ONLY time_sheet_detail
    ADD CONSTRAINT fk_time_sheet_project FOREIGN KEY (proj_id) REFERENCES project(id);


--
-- TOC entry 2213 (class 2606 OID 149301)
-- Dependencies: 208 2158 190 2278
-- Name: fk_time_sheet_project_role; Type: FK CONSTRAINT; Schema: public; Owner: postgres
--

ALTER TABLE ONLY time_sheet_detail
    ADD CONSTRAINT fk_time_sheet_project_role FOREIGN KEY (projectrole_id) REFERENCES project_role(id);


--
-- TOC entry 2214 (class 2606 OID 149306)
-- Dependencies: 190 2164 210 2278
-- Name: fk_time_sheet_project_task; Type: FK CONSTRAINT; Schema: public; Owner: postgres
--

ALTER TABLE ONLY time_sheet_detail
    ADD CONSTRAINT fk_time_sheet_project_task FOREIGN KEY (task_id) REFERENCES project_task(id);


--
-- TOC entry 2209 (class 2606 OID 149311)
-- Dependencies: 2099 188 170 2278
-- Name: fk_time_sheet_state; Type: FK CONSTRAINT; Schema: public; Owner: postgres
--

ALTER TABLE ONLY time_sheet
    ADD CONSTRAINT fk_time_sheet_state FOREIGN KEY (state) REFERENCES dictionary_item(id);


--
-- TOC entry 2215 (class 2606 OID 149316)
-- Dependencies: 170 2099 190 2278
-- Name: fk_time_sheet_type; Type: FK CONSTRAINT; Schema: public; Owner: postgres
--

ALTER TABLE ONLY time_sheet_detail
    ADD CONSTRAINT fk_time_sheet_type FOREIGN KEY (act_type) REFERENCES dictionary_item(id);


--
-- TOC entry 2216 (class 2606 OID 149321)
-- Dependencies: 2099 170 190 2278
-- Name: fk_time_sheet_workplace; Type: FK CONSTRAINT; Schema: public; Owner: postgres
--

ALTER TABLE ONLY time_sheet_detail
    ADD CONSTRAINT fk_time_sheet_workplace FOREIGN KEY (workplace_id) REFERENCES dictionary_item(id);


--
-- TOC entry 2226 (class 2606 OID 149326)
-- Dependencies: 188 200 2131 2278
-- Name: fk_timesheet_in_overtime; Type: FK CONSTRAINT; Schema: public; Owner: postgres
--

ALTER TABLE ONLY overtime_cause
    ADD CONSTRAINT fk_timesheet_in_overtime FOREIGN KEY (timesheet_id) REFERENCES time_sheet(id) ON DELETE CASCADE;


--
-- TOC entry 2242 (class 2606 OID 149331)
-- Dependencies: 2172 215 217 2278
-- Name: fk_vacation; Type: FK CONSTRAINT; Schema: public; Owner: postgres
--

ALTER TABLE ONLY vacation_approval
    ADD CONSTRAINT fk_vacation FOREIGN KEY (vacation_id) REFERENCES vacation(id) ON DELETE CASCADE;


--
-- TOC entry 2244 (class 2606 OID 149336)
-- Dependencies: 217 218 2174 2278
-- Name: fk_vacation_approval; Type: FK CONSTRAINT; Schema: public; Owner: postgres
--

ALTER TABLE ONLY vacation_approval_result
    ADD CONSTRAINT fk_vacation_approval FOREIGN KEY (vacation_approval_id) REFERENCES vacation_approval(id) ON DELETE CASCADE;


--
-- TOC entry 2239 (class 2606 OID 149341)
-- Dependencies: 170 2099 215 2278
-- Name: fk_vacation_status; Type: FK CONSTRAINT; Schema: public; Owner: postgres
--

ALTER TABLE ONLY vacation
    ADD CONSTRAINT fk_vacation_status FOREIGN KEY (status_id) REFERENCES dictionary_item(id);


--
-- TOC entry 2240 (class 2606 OID 149346)
-- Dependencies: 2099 215 170 2278
-- Name: fk_vacation_type; Type: FK CONSTRAINT; Schema: public; Owner: postgres
--

ALTER TABLE ONLY vacation
    ADD CONSTRAINT fk_vacation_type FOREIGN KEY (type_id) REFERENCES dictionary_item(id);


--
-- TOC entry 2283 (class 0 OID 0)
-- Dependencies: 6
-- Name: public; Type: ACL; Schema: -; Owner: postgres
--

REVOKE ALL ON SCHEMA public FROM PUBLIC;
REVOKE ALL ON SCHEMA public FROM postgres;
GRANT ALL ON SCHEMA public TO postgres;
GRANT ALL ON SCHEMA public TO PUBLIC;


-- Completed on 2013-08-23 16:51:55

--
-- PostgreSQL database dump complete
--

